Time,Acc X,Acc Y,Acc Z,Gyro X,Gyro Y,Gyro Z
0.05,0.23,9.989,-2.626,0.061,2.622,-2.378
0.1,0.242,10.044,-2.72,-0.061,2.5,-2.5
0.15,0.247,10.001,-2.456,15.488,2.5,-2.561
0.2,0.433,10.072,-2.665,0.122,2.5,-2.256
0.25,0.259,10.013,-2.653,0,2.5,-2.317
0.3,0.189,10.003,-2.521,0,2.561,-2.439
0.35,0.304,10.025,-2.641,-0.061,2.744,-2.561
0.4,0.213,10.029,-2.646,0.183,2.5,-2.5
0.45,0.268,9.991,-2.662,0.061,2.622,-2.439
0.5,0.156,10.029,-2.471,0,2.561,-2.378
0.55,0.285,10.039,-2.646,-0.122,2.927,-2.439
0.6,0.292,10.036,-2.502,15.549,2.744,-2.5
0.65,0.273,9.979,-2.727,0,2.622,-2.378
0.7,0.218,9.905,-2.751,0,2.378,-2.622
0.75,0.249,10.046,-2.547,-15.488,2.5,-2.195
0.8,0.227,10.056,-2.796,0,2.622,-2.439
0.85,-0.35,10.149,-2.732,-0.793,1.951,-1.951
0.9,0.45,10.36,-2.693,-0.244,3.476,-2.805
0.95,0.366,10.01,-2.746,0.183,3.049,-2.195
1,0.067,9.962,-2.619,-0.244,2.012,-2.5
1.05,0.172,10.673,-2.365,1.707,2.988,-2.256
1.1,0.359,10.072,-2.545,4.024,3.293,-2.256
1.15,0.072,10.053,-2.902,2.439,1.646,-2.744
1.2,0.283,10.372,-3.033,-2.317,2.439,-2.073
1.25,0.127,10.453,-2.851,-3.476,2.073,-1.28
1.3,0.306,9.852,-2.313,0.976,4.024,-3.11
1.35,0.146,10.171,-2.468,4.268,2.012,-1.951
1.4,0.33,10.015,-2.468,4.634,4.329,-2.378
1.45,0.335,10.262,-2.756,2.134,4.39,-2.805
1.5,0,9.989,-2.77,-0.732,2.5,-2.012
1.55,0.438,9.931,-2.617,-0.244,2.378,-1.585
1.6,0.673,9.697,-2.974,0.732,4.878,-3.232
1.65,-0.373,10.044,-2.88,15.244,1.159,-3.963
1.7,0.615,10.221,-2.708,-1.463,3.963,-1.463
1.75,0.184,10.032,-2.708,0.427,1.22,-2.439
1.8,0.417,9.823,-2.459,0.61,2.256,-3.049
1.85,0.373,10.218,-3.053,0.976,2.561,-2.195
1.9,0.441,10.092,-2.727,0.122,2.683,-2.012
1.95,0.52,10.18,-2.993,-1.037,2.805,-3.476
2,0.249,9.979,-2.777,-0.366,1.524,-2.256
2.05,-0.883,9.902,-2.26,10.915,0.854,18.049
2.1,-0.891,10.092,-2.188,21.89,0.183,21.89
2.15,0.438,8.116,-2.246,35.793,9.268,25.488
2.2,0.876,7.867,-2.473,65.732,2.683,18.415
2.25,2.004,8.045,-3.91,66.585,-2.683,13.963
2.3,2.851,9.369,-4.767,65.732,-0.305,2.195
2.35,2.09,10.025,-5.681,64.085,2.073,-5.61
2.4,1.571,9.464,-6.294,62.195,-0.183,-7.866
2.45,1.528,9.579,-6.687,25.061,4.817,-30.549
2.5,0.895,8.351,-5.962,20.427,2.927,-15.427
2.55,0.924,7.302,-5.962,18.537,0.793,-9.817
2.6,0.611,8.909,-6.522,21.951,-5.427,-5.305
2.65,1.585,8.289,-6.218,21.707,4.207,-8.354
2.7,-0.247,8.605,-6.354,24.695,1.159,-6.768
2.75,1.927,8.655,-7.503,31.098,15.488,-3.902
2.8,1.152,8.715,-9.105,30.427,-14.756,-24.085
2.85,1.621,8.487,-8.44,-28.171,-43.354,-35.061
2.9,-0.194,7.927,-8.033,-68.537,-17.683,-34.634
2.95,-2.279,7.077,-4.487,-45.122,-1.402,-11.037
3,-2.131,8.274,-3.771,-14.207,11.585,6.524
3.05,-0.97,9.258,-5.612,12.012,13.537,15.244
3.1,0.517,9.139,-7.314,9.939,10.915,14.207
3.15,1.566,9.227,-6.754,-0.061,2.134,-9.39
3.2,-0.031,10.118,-7.784,-43.293,-5.976,-17.561
3.25,-0.752,9.261,-6.771,-68.902,-3.415,-16.768
3.3,-0.294,9.321,-7.027,-95.366,-6.585,-4.817
3.35,-1.097,8.717,-4.53,-131.89,-0.61,15.061
3.4,-1.097,8.717,-4.53,-131.89,-0.61,15.061
3.45,0.761,8.66,-1.137,-138.659,2.5,0.061
3.5,0.242,9.342,0.443,-105.915,1.22,-12.561
3.55,0.287,9.086,0.433,-95.244,3.232,-8.841
3.6,-1.053,9.043,0.51,-88.354,5.732,-1.768
3.65,-0.247,8.868,0.828,-98.963,0.671,-0.915
3.7,0.01,10.161,1.405,-106.159,3.659,-3.415
3.75,-0.139,10.386,2.176,-116.402,-0.915,-6.646
3.8,-0.639,8.693,2.974,-130.183,-0.793,-3.415
3.85,-0.421,8.799,3.041,-139.756,9.451,6.463
3.9,-3.486,4.764,3.45,-131.341,-2.073,9.695
3.95,-4.81,4.812,8.317,16.402,3.049,8.841
4,-1.257,6.44,7.93,34.573,2.195,7.5
4.05,1.19,7.135,6.828,-15.183,13.171,2.866
4.1,0.354,5.93,7.489,4.756,6.585,-1.341
4.15,-0.139,6.962,5.856,17.012,1.402,-2.256
4.2,0.843,7.511,5.614,12.439,15.549,-15.122
4.25,-0.287,7.57,4.334,-3.841,3.049,1.22
4.3,1.209,6.917,5.416,-8.171,5.366,3.232
4.35,-0.426,7.12,7.242,-4.329,0.061,-2.805
4.4,0.476,6.546,5.689,-1.829,2.073,0.671
4.45,0.251,7.077,6.266,0.854,1.037,-1.463
4.5,0.134,7.456,6.167,-3.354,0.793,15.427
4.55,0.103,7.094,6.519,-10.183,1.524,2.561
4.6,0.876,6.579,5.543,-7.195,3.354,3.232
4.65,-0.687,6.483,6.261,-6.585,1.22,-2.012
4.7,-0.031,7.451,6.373,-9.756,1.585,1.402
4.75,1.104,6.668,5.933,-6.098,3.476,-1.463
4.8,0.62,6.625,6.646,-2.805,0.732,-2.317
4.85,0.199,6.646,5.89,-0.976,3.598,-1.098
4.9,0.014,6.63,6.218,1.341,2.683,-2.927
4.95,0.227,6.591,6.395,-0.488,2.866,-2.256
5,0.074,6.845,6.088,-15.61,2.683,-2.5
5.05,-0.043,6.68,6.275,0.244,2.439,-2.5
5.1,0.108,6.852,6.057,0.305,2.683,-2.134
5.15,0.251,6.737,6.225,0.061,2.256,-2.317
5.2,0.122,6.601,6.055,-0.549,2.439,-2.5
5.25,0.067,7.482,5.562,-4.756,0.244,-4.634
5.3,-0.613,6.96,5.382,-14.512,-0.427,-2.866
5.35,-0.05,6.622,5.543,-9.634,6.037,1.463
5.4,-0.067,6.998,6.151,-3.232,11.646,7.622
5.45,-0.752,7.266,6.132,-7.439,9.268,10.427
5.5,-0.663,6.871,6.943,-8.537,10.793,6.829
5.55,-1.001,6.522,6.546,-1.768,11.341,7.256
5.6,1.616,5.634,7.757,2.134,4.817,7.744
5.65,0.52,6.218,6.1,7.622,10.061,7.256
5.7,-0.266,6.874,7.312,5.122,12.378,7.683
5.75,1.269,5.839,6.517,6.524,12.927,14.39
5.8,-0.098,5.906,7.099,9.146,14.573,6.341
5.85,-0.661,5.926,6.737,9.695,9.207,4.146
5.9,1.475,7.458,6.929,15.732,7.073,-1.402
5.95,0.057,6.809,5.571,11.89,1.098,-3.415
6,-0.306,7.566,5.459,0.244,4.634,-0.671
6.05,0.175,7.197,5.854,-0.122,1.585,-2.683
6.1,-0.024,6.711,5.851,1.341,3.963,-0.793
6.15,0.175,7.274,5.883,0.61,2.073,-5.183
6.2,0.728,7.863,6.014,9.939,-1.341,-20.915
6.25,0.503,7.8,5.076,11.707,-22.988,-44.878
6.3,0.385,7.599,4.599,4.878,-28.11,-43.659
6.35,-0.661,8.334,3.144,-22.683,-41.89,-33.72
6.4,-0.649,7.975,5.562,-39.024,-59.39,-37.378
6.45,-1.075,8.406,0.836,-65.793,-65.122,-62.012
6.5,0.56,5.744,9.529,19.939,-29.634,-31.829
6.55,0.713,6.467,5.519,37.683,-16.463,-14.085
6.6,2.093,5.521,4.652,34.939,15,2.622
6.65,0.675,7.396,7.386,33.232,-5.854,-4.634
6.7,1.372,7.111,5.667,34.817,-14.39,-4.451
6.75,1.255,9.364,4.915,11.951,-2.561,-3.354
6.8,-0.134,6.95,4.951,22.256,3.78,-6.707
6.85,0.804,4.152,4.247,11.524,-0.305,-4.512
6.9,-1.046,8.765,5.066,3.598,1.22,1.585
6.95,0.034,7.621,4.305,-3.11,2.439,0.122
7,0.163,7.147,4.891,-2.927,2.744,-0.305
7.05,0.077,7.901,4.556,0.305,1.524,-3.293
7.1,-0.124,7.518,5.341,1.037,4.146,-1.89
7.15,0.342,7.472,4.956,-0.061,2.256,-2.256
7.2,0.752,7.343,5.188,0.732,2.561,-1.707
7.25,0.752,7.343,5.188,0.732,2.561,-1.707
7.3,0.527,8.416,5.126,-0.244,1.22,-1.037
7.35,0.682,7.719,4.779,-7.622,0.183,-2.622
7.4,1.633,8.708,5.301,-14.573,3.659,-1.707
7.45,0.457,7.257,5.385,-1.707,3.537,-15.366
7.5,-0.795,7.207,4.31,-4.512,-1.28,0.183
7.55,1.216,8.696,5.82,-1.707,3.293,15.122
7.6,0.395,8.691,4.492,-5.732,-2.195,-0.671
7.65,1.408,7.367,5.942,-0.976,1.89,-2.012
7.7,0.223,9.519,4.348,-2.866,4.39,-15.183
7.75,-0.637,7.721,4.379,-1.037,6.585,-2.256
7.8,2.107,8.267,3.967,-3.841,2.744,-1.89
7.85,0.625,7.896,4.307,-1.829,6.22,-3.171
7.9,1.46,7.412,4.875,-1.463,4.634,-1.159
7.95,0.321,7.954,5.485,-0.183,1.463,-3.11
8,0.177,7.666,5.444,0.549,1.28,-2.744
8.05,0.627,7.527,4.599,0.183,2.439,-2.256
8.1,0.967,7.705,5.107,-0.305,3.659,-2.317
8.15,0.306,7.786,5.454,-0.183,2.012,-2.073
8.2,0.618,8.066,5.073,-0.427,3.232,-2.256
8.25,0.611,8.521,4.614,-0.366,3.78,-1.28
8.3,0.455,7.7,4.796,6.951,4.268,-2.256
8.35,0.481,8.145,5.43,-7.439,2.683,-2.439
8.4,1.396,7.094,5.842,15.427,1.829,-3.963
8.45,-2.145,6.227,5.047,-0.854,1.341,-1.098
8.5,2.832,7.259,4.238,-14.573,1.829,-4.207
8.55,1.077,7.374,4.944,-1.341,2.256,-0.366
8.6,0.601,7.415,4.523,-1.585,3.171,-1.28
8.65,-0.146,7.393,4.511,1.951,2.927,-2.439
8.7,1.563,6.436,4.659,2.195,3.415,-1.89
8.75,0.189,7.642,5.193,-0.183,3.415,-2.195
8.8,0.045,7.405,5.016,14.695,2.439,-2.5
8.85,0.318,7.7,5.519,-0.305,2.622,-1.951
8.9,0.158,7.992,5.059,0.427,3.963,-2.317
8.95,0.74,10.81,4.211,-20.61,1.89,-4.878
9,0.685,7.767,5.049,-2.195,-15.427,-3.902
9.05,0.91,7.958,5.758,4.207,-3.293,-11.037
9.1,-1.018,7.597,6.235,6.768,10.061,-12.073
9.15,0.472,8.552,5.049,9.268,5.976,-11.341
9.2,0.699,7.956,6.009,7.073,7.256,-9.756
9.25,0.996,7.757,5.31,5.427,5.732,-8.049
9.3,-0.163,7.173,6.567,7.195,5.488,-9.39
9.35,0.982,7.266,4.254,2.927,1.463,-8.11
9.4,1.147,7.977,5.248,12.988,3.78,-6.402
9.45,-0.232,7.798,5.128,2.134,3.232,-8.78
9.5,-0.156,6.967,5.265,3.902,0.122,-9.756
9.55,-0.249,8.056,4.499,4.756,0.488,-6.098
9.6,3.723,7.23,3.788,1.951,2.439,-6.341
9.65,-0.089,8.21,4.688,1.585,-1.341,-3.659
9.7,-0.294,8.471,3.546,-1.098,2.5,0.61
9.75,-0.409,8.49,4.966,-0.976,1.098,-2.683
9.8,-0.306,7.513,5.236,-14.634,4.329,-2.073
9.85,-0.026,8.195,4.839,-0.61,1.402,-3.171
9.9,0.22,8.061,4.693,-1.463,1.341,-2.439
9.95,0.218,7.977,4.769,0.427,1.159,-3.232
10,-0.101,8.126,4.798,-0.183,-2.012,-4.329
10.05,-1.173,8.14,4.341,0.793,-2.012,-4.451
10.1,0.132,8.181,4.638,1.159,-2.866,-7.317
10.15,-0.79,8.042,4.685,-6.89,-2.805,-6.037
10.2,-0.022,7.784,4.547,-8.232,-1.829,-9.451
10.25,-1.346,9.098,5.27,-10.244,-10.488,-11.098
10.3,0.232,6.929,5.195,-10.915,-9.939,-15.854
10.35,-0.309,8.056,3.61,-2.378,-17.622,-18.293
10.4,0.771,6.179,4.882,-0.427,-14.817,-18.293
10.45,-0.318,7.075,5.272,9.207,-19.085,-20.305
10.5,2.255,5.906,4.855,14.817,-9.146,-18.902
10.55,1.01,7.922,5.483,16.402,-12.256,-17.195
10.6,-0.369,8.045,5.298,18.78,-11.707,-16.159
10.65,-0.656,7.75,4.381,10.244,-0.671,-11.037
10.7,0.845,8.023,5.191,15.915,-14.329,-6.585
10.75,0.129,8.272,5.037,1.159,6.402,-3.537
10.8,-0.577,8.971,4.647,-3.537,-4.146,-4.634
10.85,-0.213,8.365,5.167,-1.463,0.305,-5.122
10.9,1.147,8.502,4.135,-1.159,2.012,-3.171
10.95,0.041,7.903,4.659,-1.159,1.159,-2.927
11,0.237,8.337,4.152,-1.89,2.073,-1.28
11.05,-0.098,8.528,4.465,15.366,2.561,-3.049
11.1,0.151,8.301,4.307,-0.488,2.439,-1.829
11.15,-0.031,8.519,4.298,-3.415,4.146,-2.256
11.2,0.127,7.755,5.229,-11.951,12.805,0.366
11.25,-0.323,7.527,4.307,-16.524,12.683,4.634
11.3,0.352,7.547,4.489,-12.256,8.11,4.268
11.35,0.285,8.566,5.416,-14.756,8.537,8.11
11.4,-0.055,7.882,4.779,0.427,13.659,3.598
11.45,0.342,7.46,4.98,-13.659,11.707,6.829
11.5,0.579,6.656,4.932,10.122,10,2.073
11.55,-0.828,8.272,4.772,2.683,13.11,-0.244
11.6,0.991,7.166,4.657,19.939,0.244,1.524
11.65,-1.583,7.003,4.204,20.976,10.305,-1.037
11.7,-0.031,7.585,5.535,31.28,13.476,-6.098
11.75,-0.364,8.073,4.384,32.317,8.841,-7.439
11.8,1.611,9.838,1.769,29.085,10.671,-1.89
11.85,-1.511,9.213,3.357,32.073,1.402,-3.171
11.9,-2.057,8.65,2.399,15.244,-5.427,1.098
11.95,0.479,11.174,2.21,2.012,0.671,-5.549
12,-0.019,8.868,3.711,0.732,2.5,-2.5
12.05,-0.527,9.057,3.1,-0.488,2.256,-3.171
12.1,-0.555,8.947,3.105,15.427,2.927,-2.5
12.15,-0.045,8.468,3.594,0.732,2.5,-2.195
12.2,-0.34,8.758,3.488,0.488,2.378,-2.439
12.25,-0.426,8.777,3.505,-0.305,2.805,-2.256
12.3,-0.484,8.863,3.491,0.488,0.976,-2.988
12.35,-0.577,8.873,3.156,3.293,-5.366,-5.549
12.4,-0.163,8.207,3.68,5.488,5.427,-1.463
12.45,-0.182,9.177,2.753,5.488,-2.073,-7.195
12.5,-1.377,8.959,3.536,10.061,1.951,-4.939
12.55,-0.464,9.213,3.852,8.293,-0.488,-6.707
12.6,-0.453,8.851,3.247,8.902,-0.366,-6.402
12.65,0.022,8.902,2.902,14.756,1.341,-5.244
12.7,-1.317,9.902,3.062,20.61,0.61,-6.159
12.75,-0.223,9.06,2.607,28.841,-3.049,-3.171
12.8,0.091,8.842,3.105,40.854,-3.293,-9.939
12.85,-0.22,8.803,2.722,50.793,-2.744,-8.902
12.9,-0.589,9.402,2.09,53.537,3.354,-5.122
12.95,-0.601,10.008,1.022,54.268,3.963,-5.915
13,-0.881,9.948,0.242,43.354,5.366,15.366
13.05,-0.627,10.084,-0.608,27.134,1.524,-0.488
13.1,-0.742,10.252,0.326,4.756,3.11,-4.573
13.15,-0.697,9.922,0.041,0.854,2.988,-3.476
13.2,-0.709,10.003,0.206,-1.159,3.11,-0.854
13.25,-0.493,10.065,0,0.488,2.805,-0.305
13.3,-0.326,9.929,0.388,-0.732,1.829,-1.89
13.35,-0.486,9.986,0.165,1.037,2.195,-4.451
13.4,-0.9,9.847,0.227,2.317,2.866,0.61
13.45,-0.634,9.507,0.026,2.439,2.805,1.646
13.5,0.093,10.106,-0.06,-0.915,1.829,-7.561
13.55,-0.508,9.974,0.381,-1.159,3.232,-5.61
13.6,-0.984,9.998,0.06,0.793,2.439,-1.585
13.65,-0.536,9.938,0.086,-0.122,2.988,-1.829
13.7,-0.424,9.785,0.342,0,2.134,-3.841
13.75,-0.409,10.336,0.053,-1.098,2.439,-3.171
13.8,-0.692,9.754,0.151,-0.793,1.768,-3.232
13.85,-0.644,9.924,0.237,-15.61,2.256,-1.585
13.9,-0.587,9.9,0.441,0.976,1.951,-1.646
13.95,-0.613,9.912,0.271,-0.793,1.707,-3.293
14,-0.694,9.752,0.314,0.488,2.195,-3.659
14.05,-0.879,10.187,-0.022,2.805,2.683,-3.72
14.1,-0.503,10.101,0.314,-0.915,2.256,-1.098
14.15,-0.46,9.919,0.17,0.671,2.317,-3.293
14.2,-0.642,9.862,0.23,-0.488,2.256,-4.695
14.25,-0.809,9.905,0.4,1.28,0.61,-0.122
14.3,-0.261,9.953,0.18,0.793,2.683,-1.646
14.35,-0.352,9.867,0.105,-0.183,2.805,-5.061
14.4,-0.776,9.764,0.45,-15.305,2.378,-1.037
14.45,-0.977,9.847,0.5,5.976,0.793,2.561
14.5,-0.922,9.773,0.304,5.488,2.805,1.585
14.55,-0.433,10.039,0.124,5.915,3.232,2.927
14.6,-0.436,10.072,-0.103,3.293,6.159,2.561
14.65,-0.611,10.029,-0.244,-1.524,14.939,-5.488
14.7,-0.455,9.85,0.151,-2.378,18.537,-10.366
14.75,-0.622,10.472,-0.129,-2.561,19.451,-8.841
14.8,-0.86,9.701,-0.347,-6.829,18.293,-11.037
14.85,-1.396,9.62,-0.335,-3.78,16.159,-4.573
14.9,-0.704,9.883,-0.067,0.732,7.988,-0.366
14.95,-0.697,9.835,-0.141,-1.402,5.793,-3.049
15,-0.397,9.263,-0.055,-4.695,7.866,-2.439
15.05,-1.08,9.814,0.292,0.305,-0.976,1.524
15.1,-0.737,9.871,0.385,-2.317,2.317,2.378
15.15,0.227,9.541,0.524,0.183,4.512,-2.927
15.2,-0.551,10.621,-0.481,-2.439,5.671,-7.378
15.25,-1.247,11.138,-0.12,-10.183,4.329,4.024
15.3,-0.259,9.845,-1.176,-8.72,7.988,8.415
15.35,-0.45,10.578,-0.388,-21.098,14.146,11.646
15.4,-0.747,10.321,-0.433,-29.756,21.646,10.915
15.45,-0.86,9.689,1.171,-28.78,22.683,17.744
15.5,0.278,8.653,1.329,-23.902,30.488,17.134
15.55,-0.041,9.538,1.477,-18.537,34.024,18.659
15.6,0.256,9.481,1.288,-18.659,31.341,19.146
15.65,0.373,8.892,1.348,-13.232,36.829,14.39
15.7,-0.453,10.048,3.043,4.329,28.171,7.256
15.75,0.041,9.242,1.101,17.439,14.207,0.671
15.8,-1.223,6.306,1.408,14.939,13.476,-0.427
15.85,1.176,9.639,1.494,2.134,11.28,-1.28
15.9,-0.081,9.692,1.93,-4.085,10.305,2.439
15.95,0.012,10.444,0.575,1.402,2.805,-6.585
16,-0.192,9.785,1.061,-6.402,-2.317,-6.037
16.05,0.254,10.094,1.13,-6.585,2.195,-5.793
16.1,-0.599,9.754,1.453,-4.085,0.854,-3.171
16.15,0.259,9.663,1.477,0.915,2.988,-1.951
16.2,-0.022,9.924,1.267,-1.037,5.305,-2.5
16.25,-0.017,9.89,0.831,-2.683,11.646,1.524
16.3,0.072,9.768,1.274,-2.439,14.634,1.22
16.35,-0.376,10.111,0.773,-1.829,17.866,6.768
16.4,0.421,9.998,1.456,-7.5,20.122,3.659
16.45,0.014,10.02,1.322,-22.256,22.622,-2.439
16.5,-0.359,9.936,1.034,-25.854,12.5,-2.805
16.55,0.204,9.646,1.796,-23.293,12.378,-4.695
16.6,-0.254,9.893,2.059,-18.415,19.695,0.305
16.65,0.417,9.586,2.061,-19.695,20.244,0.488
16.7,-0.189,9.433,1.865,-20.061,19.451,3.963
16.75,-0.493,9.206,1.686,-26.098,22.561,6.159
16.8,-0.536,9.689,2.662,-17.439,17.622,8.902
16.85,-0.151,10.072,2.978,-16.463,16.159,8.293
16.9,0.139,8.799,3.043,-13.049,12.744,2.805
16.95,-0.144,8.574,2.614,-12.927,12.683,7.439
17,-0.206,9.342,3.249,-8.537,12.805,8.598
17.05,0.024,9.644,2.88,-13.902,10.976,3.049
17.1,0.917,9.85,2.354,-10.976,1.22,-0.854
17.15,0.476,8.763,3.9,1.037,1.89,-3.293
17.2,0.259,8.964,3.069,1.951,1.707,-3.476
17.25,0.223,8.696,2.77,3.049,4.024,-2.134
17.3,-0.22,9.1,3.089,-1.037,3.78,-1.524
17.35,-0.041,8.973,3.328,-5.854,1.585,1.28
17.4,0.467,8.815,2.931,-9.329,0.366,6.768
17.45,-0.127,9.579,3.036,-4.573,4.451,4.939
17.5,0.067,9.55,2.947,-6.89,13.841,3.598
17.55,1.022,8.665,4.164,-6.22,16.463,4.451
17.6,0.4,9.443,3.893,1.768,29.512,-1.707
17.65,-0.136,7.681,3.816,13.963,21.463,-1.707
17.7,0.673,7.369,3.179,22.195,27.744,-7.622
17.75,0.39,8.231,3.474,31.098,36.768,-7.134
17.8,-0.139,7.58,4.118,46.707,41.341,-29.756
17.85,0.187,8.969,2.097,65.366,46.098,-20.122
17.9,-5.404,9.531,0.127,-3.841,22.927,3.78
17.95,-0.998,9.613,1.348,-8.171,14.024,6.463
18,-0.33,10.101,1.939,-5.915,13.598,2.561
18.05,-0.429,9.953,2.241,2.378,12.683,-4.451
18.1,-1.132,8.095,2.425,-0.122,17.134,-5.122
18.15,-1.901,9.538,1.58,1.646,2.622,-2.866
18.2,-0.694,9.802,2.217,-0.671,3.598,-2.622
18.25,-1.168,9.572,1.839,-15.61,2.744,-2.561
18.3,-1.185,9.17,1.566,-0.061,-2.378,-2.622
18.35,-0.867,8.724,2.073,-5.976,0.61,7.988
18.4,-3.44,10.259,1.077,8.598,-13.232,9.695
18.45,0.141,9.112,2.571,-3.598,-1.89,3.537
18.5,-1.597,8.564,1.891,3.232,-2.439,-8.476
18.55,-0.757,9.55,2.346,3.78,9.085,-0.976
18.6,-2.835,11.832,4.056,15.244,-6.768,6.768
18.65,-1.293,9.534,1.535,-12.073,-4.39,17.927
18.7,-0.843,8.748,2.895,-9.695,-6.829,16.402
18.75,-0.505,9.462,2.808,0.915,-9.39,14.695
18.8,0.486,8.741,2.552,12.622,-13.659,15.732
18.85,0.541,10.161,2.1,-14.878,-3.232,14.268
18.9,-0.206,9.462,2.239,-0.061,-6.22,14.939
18.95,1.168,9.457,2.116,1.646,-10.061,31.159
19,2.085,9.251,2.018,3.963,-13.963,0.61
19.05,-0.232,8.423,1.671,12.195,2.256,5.366
19.1,0.781,9.558,1.659,10.793,20.061,-0.061
19.15,0.572,9.718,1.178,2.439,15.122,-4.024
19.2,0.486,9.589,1.575,-6.037,-1.646,-3.963
19.25,1.674,9.931,2.21,-2.5,3.537,-2.622
19.3,1.006,9.85,2.114,4.512,3.841,-1.402
19.35,0.445,9.598,1.762,3.232,1.402,-2.256
19.4,0.697,9.641,1.906,2.561,-15.427,-2.012
19.45,1.094,9.912,2.081,1.585,2.5,-1.524
19.5,0.706,8.94,2.456,23.476,0.915,2.988
19.55,2.464,8.499,1.379,40.976,9.146,0.183
19.6,0.488,9.752,0.955,42.134,10.671,1.28
19.65,1.164,9.522,0.541,38.72,9.146,1.524
19.7,0.845,10.125,0.273,37.988,5.305,2.927
19.75,1.085,9.967,-0.268,36.646,5.366,3.354
19.8,0.86,9.697,-0.045,35,6.768,2.378
19.85,1.058,10.235,-0.278,38.476,6.463,4.024
19.9,1.36,10.228,-1.185,31.463,6.707,2.439
19.95,0.994,11.971,-2.749,16.463,5.183,2.195
20,1.247,9.9,-0.95,19.695,3.293,2.622
20.05,0.718,10.104,-2.095,8.354,7.012,1.402
20.1,1.678,9.867,-1.891,1.646,0.244,-3.78
20.15,1.535,10.254,-1.384,-1.463,5.976,0.366
20.2,1.322,10.257,-1.621,-1.463,2.195,-4.207
20.25,0.979,9.974,-1.396,-1.341,1.585,-3.537
20.3,0.97,10.223,-1.377,2.317,2.805,-1.585
20.35,1.235,10.484,-1.425,-15.549,1.89,-2.256
20.4,1.331,10.127,-1.087,-0.061,1.951,-2.195
20.45,1.329,10.082,-1.413,7.195,5,-1.463
20.5,1.118,10.147,-2.097,-2.012,1.829,-3.232
20.55,1.183,10.171,-1.611,-1.829,4.146,-7.805
20.6,0.532,9.756,-1.111,5.549,3.232,-2.866
20.65,1.264,9.907,-1.97,9.695,0.427,2.683
20.7,1.111,10.661,-2.033,10.732,1.463,-4.207
20.75,3.235,8.851,-1.719,4.207,6.402,-5.305
20.8,1.676,9.031,-1.604,-0.854,3.476,-2.195
20.85,1.539,9.639,-1.547,0.549,4.756,-1.22
20.9,0.584,9.979,-1.269,-15.549,1.89,-4.39
20.95,0.804,9.783,-0.876,15.488,3.902,-2.439
21,1.609,9.821,-2.066,1.829,2.5,-2.866
21.05,1.336,9.218,-2.327,-1.098,3.415,-6.098
21.1,1.36,9.21,-1.293,2.134,2.927,-3.72
21.15,2.586,9.127,-2.224,1.037,3.659,-3.11
21.2,1.377,10.285,-1.949,1.707,2.256,-1.707
21.25,1.901,10.381,-2.172,-1.646,2.561,-4.085
21.3,1.417,10.118,-1.602,0.427,3.11,-3.171
21.35,1.087,10.044,-1.745,0.427,2.439,-3.049
21.4,0.919,10.034,-1.877,15.549,1.585,-2.195
21.45,1.417,9.929,-1.702,1.037,2.561,-3.11
21.5,1.123,9.845,-1.808,0.976,2.073,0.549
21.55,1.456,10.376,-1.688,1.037,1.951,-0.61
21.6,1.41,10.362,-2.083,-1.037,1.341,1.22
21.65,1.176,9.938,-1.664,1.22,3.049,-0.488
21.7,0.62,9.823,-1.604,-0.061,3.293,-4.817
21.75,0.752,10.259,-2.112,0.671,2.256,-2.744
21.8,1.336,10.032,-1.982,-15.427,3.11,-3.293
21.85,1.334,10.214,-1.961,-0.793,2.073,-3.963
21.9,0.931,9.972,-1.733,-15.549,2.317,-2.988
21.95,0.776,10.336,-1.987,-0.305,3.049,-2.622
22,1.286,10.048,-1.786,15.305,1.524,-3.537
22.05,1.022,9.881,-1.695,0.183,2.317,-2.927
22.1,1.35,10.372,-1.547,-0.366,1.768,-2.012
22.15,0.728,10.111,-1.992,0.671,2.683,-2.5
22.2,1.14,9.977,-1.717,15.549,2.439,-1.89
22.25,0.941,10.314,-1.93,0.732,2.012,-2.317
22.3,0.984,10.008,-1.853,-0.915,2.012,-2.195
22.35,1.161,9.72,-1.662,-0.305,2.134,-2.378
22.4,1.104,10.24,-1.93,-3.171,1.402,-12.073
22.45,0.22,9.728,-1.76,1.646,2.744,-7.805
22.5,-0.29,10.247,-1.391,3.171,1.22,-3.78
22.55,1.089,10.786,-3.11,-2.805,0.366,-3.171
22.6,-0.225,9.471,-1.556,-6.524,3.293,-2.073
22.65,1.788,9.764,-1.135,-4.268,-3.476,-5.976
22.7,0.699,9.962,-2.729,-5.122,2.5,-10.549
22.75,0.22,11.023,-0.792,-8.902,-15.183,-0.183
22.8,2.435,9.483,-1.207,-7.866,3.72,-7.439
22.85,0.055,9.85,-1.733,-8.537,-1.341,-8.72
22.9,0.505,10.997,-0.946,-3.902,1.89,-8.78
22.95,-0.153,8.44,-1.975,-4.817,15.122,-9.451
23,1.441,9.479,-1.59,-2.622,2.622,-11.524
23.05,1.125,9.51,-1.044,-3.841,-2.927,-7.927
23.1,0.309,9.199,-2.423,-7.5,3.11,-6.646
23.15,1.041,10.795,-1.089,-1.829,2.317,-1.159
23.2,1.144,10.116,-1.276,-5.976,1.402,-2.195
23.25,0.316,10.233,-0.733,1.098,2.439,-4.329
23.3,0.879,9.809,-1.185,-0.976,2.378,-2.317
23.35,0.005,9.898,-0.989,-1.037,2.134,3.415
23.4,1.058,10.06,-1.171,7.561,-0.671,-8.293
23.45,0.426,9.871,-1.501,-7.439,3.78,-8.476
23.5,-0.407,9.139,-1.8,-10,-15.549,4.024
23.55,1.235,9.345,-1.626,-28.232,-1.89,-3.293
23.6,1.209,11.856,-0.917,0.549,0.366,-12.256
23.65,0.271,9.378,-1.638,-6.524,3.598,-7.256
23.7,0.072,8.969,-1.233,-0.244,-0.549,-6.037
23.75,0.833,9.905,-0.357,3.11,-0.183,-7.073
23.8,2.394,10.606,-0.733,9.695,1.22,-7.256
23.85,1.116,12.225,-1.683,15.366,0.061,0.427
23.9,0.314,11.612,-0.821,15.061,-2.317,-2.5
23.95,1.159,11.068,-1.393,1.402,2.195,-6.463
24,0.754,10.183,-1.413,-5.915,2.561,-2.561
24.05,0.713,10.034,-0.263,1.524,-1.28,-3.72
24.1,0.417,10.532,-0.453,14.451,-2.622,-0.488
24.15,1.223,10.942,-1.465,-3.049,2.378,-1.463
24.2,0.22,10.214,-0.668,-2.744,1.524,-2.561
24.25,0.069,9.673,-0.917,1.402,3.171,1.524
24.3,1.097,10.202,-1.032,6.463,5.122,1.768
24.35,-0.101,10.264,-1.64,-0.366,1.951,-1.341
24.4,0.436,10.18,-1.097,-4.085,3.293,-0.488
24.45,0.409,10.008,-0.781,4.024,3.78,-0.427
24.5,0.505,10.027,-1.293,1.341,2.988,2.805
24.55,0.632,10.386,-0.812,3.049,4.878,-0.427
24.6,0.237,10.135,-1.159,2.683,4.024,0.671
24.65,0.402,10.187,-1.365,1.098,2.927,-1.89
24.7,0.642,10.087,-0.886,-1.585,2.134,-0.915
24.75,0.68,9.718,-0.905,3.415,3.902,1.22
24.8,0.589,10.072,-1.156,2.988,1.768,-0.244
24.85,0.28,10.312,-1.168,2.561,4.024,-0.549
24.9,-0.093,9.931,-1.281,0.793,2.927,2.622
24.95,1.006,10.19,-0.783,5.854,3.354,-0.793
25,0.809,10.266,-1.353,-0.915,1.951,-2.012
25.05,0.584,10.218,-0.982,-0.427,2.256,-2.744
25.1,0.517,9.969,-1.255,1.22,3.11,-2.683
25.15,0.699,10.214,-1.219,0.732,2.5,-2.439
25.2,0.512,10.075,-0.828,-2.317,2.256,-1.463
25.25,0.754,9.929,-1.128,2.561,2.134,-0.427
25.3,0.532,10.506,-1.338,1.524,4.024,-1.159
25.35,0.192,10.338,-1.13,2.744,0.915,1.463
25.4,0.589,9.397,-1.432,4.634,1.829,4.024
25.45,1.085,10.441,-0.86,10.915,11.829,-3.11
25.5,1.077,11.088,-1.621,5.488,8.72,2.866
25.55,0.986,9.033,-0.215,11.341,11.89,4.573
25.6,-4.786,6.565,0.613,17.927,10.854,7.012
25.65,0.35,9.258,-2.102,4.878,11.159,5.366
25.7,1.135,10.779,-1.417,6.951,10.366,-1.098
25.75,1.152,9.479,-1.973,5.732,5.122,-0.732
25.8,0.357,14.102,-1.81,8.171,7.744,2.378
25.85,0.508,10.738,-3.108,-5.976,7.622,-1.098
25.9,0.673,9.665,-1.908,-2.988,3.476,-2.256
25.95,0.661,11.26,-1.784,-14.39,7.439,0.549
26,1.161,9.764,-1.164,-1.768,2.622,-1.28
26.05,1.329,10.853,-1.389,-0.122,7.805,-2.073
26.1,1.314,10.187,-2.073,-5.732,6.402,-2.378
26.15,0.795,10.154,-2.112,-2.073,5.122,-2.439
26.2,1.051,10.127,-1.571,-0.854,3.293,-2.622
26.25,0.718,9.998,-1.525,-0.366,2.866,-2.561
26.3,1.149,9.792,-1.796,0.549,2.134,-2.195
26.35,1.317,9.656,-1.499,15.488,3.171,-2.866
26.4,1.135,10.444,-1.7,1.646,2.195,-4.39
26.45,1.319,10.211,-1.173,12.134,4.146,-10.061
26.5,0.522,9.448,-0.302,23.354,-1.585,-4.39
26.55,-0.113,10.669,-3.814,-22.439,0.061,-26.22
26.6,0.819,10.125,-0.697,-17.622,-4.939,-25.122
26.65,0.63,10.345,-2.049,-7.378,-11.28,-22.561
26.7,-0.555,9.948,-1.025,-11.22,-13.11,-22.317
26.75,-0.256,10.338,-0.85,-3.476,-2.561,-20.854
26.8,-0.16,9.225,-1.104,10.793,-6.829,-20.061
26.85,-1.729,10.542,-3.508,5,-4.268,-21.646
26.9,-0.436,8.856,-1.973,-2.439,-15.183,-20.732
26.95,-0.498,10.058,-1.633,-5.122,-6.89,-20.915
27,-1.547,9.747,-1.891,-14.085,-11.463,-20.915
27.05,-0.558,10.872,-1.219,-1.22,-8.659,-20.549
27.1,-1.164,9.531,-2.035,4.817,-8.11,-24.085
27.15,-1.3,9.586,-1.583,-15.183,-5.671,-21.707
27.2,-2.737,10.652,-2.121,-14.268,-2.622,-26.585
27.25,-1.48,9.182,-1.805,15.122,-4.451,-18.537
27.3,-0.45,9.594,-1.654,1.951,-2.256,-13.72
27.35,-1.882,9.177,-1.571,1.159,2.134,-5.976
27.4,-0.982,9.515,-1.611,1.22,3.659,-3.049
27.45,-1.223,9.723,-1.252,-3.963,0.183,-6.098
27.5,-1.077,10.405,-1.841,5.122,3.232,-5.427
27.55,-2.387,9.409,-2.109,-5.061,4.512,-2.5
27.6,-0.781,9.821,-0.9,-13.598,5.488,-15.549
27.65,-1.097,9.917,-0.275,4.939,-0.549,-0.915
27.7,-2.181,10.915,-2.622,7.561,-8.963,-13.902
27.75,-1.156,8.523,-0.804,12.134,-3.841,6.159
27.8,-0.979,9.893,-4.465,14.817,-30.122,21.463
27.85,-0.781,8.657,-1.355,-5.549,-18.11,-2.134
27.9,1.144,8.356,-0.687,0.427,-1.89,10.976
27.95,-0.771,10.791,-1.434,-1.22,-0.671,10.061
28,-1.434,9.5,-2.1,5.732,-30.976,8.232
28.05,-1.786,10.285,-2.26,3.841,-11.524,4.146
28.1,-0.943,11.159,-2.571,13.11,-7.927,7.195
28.15,-0.45,8.602,-1.772,-3.171,-9.146,-4.634
28.2,-1.14,8.933,-1.544,-1.646,-2.134,2.195
28.25,-1.726,10.587,-1.927,-15.549,-15.61,-4.939
28.3,-1.784,9.651,-1.429,2.439,0.976,3.354
28.35,-1.257,9.996,-1.64,1.341,2.744,0.732
28.4,-1.092,10.159,-1.484,0.122,1.159,-3.171
28.45,-1.077,10.221,-1.599,0.305,0.854,-3.232
28.5,-1.276,10.281,-2.071,-5.976,2.195,-3.293
28.55,-1.068,9.728,-0.773,-3.537,2.683,-2.927
28.6,-1.506,9.924,-1.516,1.89,3.293,-2.622
28.65,-1.02,10.384,-1.927,0.915,2.195,-3.171
28.7,-1.082,9.287,-1.729,-3.293,4.268,-4.268
28.75,-0.948,9.735,-1.104,-2.195,2.317,-3.049
28.8,-0.869,9.618,-1.164,-1.22,2.744,-2.866
28.85,-1.259,10.135,-1.298,1.037,4.39,-2.744
28.9,-1.353,10.082,-1.492,2.927,3.537,-2.683
28.95,-0.965,10.008,-1.769,-3.049,2.988,-1.646
29,-1.166,9.835,-1.051,4.451,4.024,-2.256
29.05,-1.238,10.417,-1.887,-1.402,3.354,-2.134
29.1,-1.097,9.84,-1.314,-1.037,2.317,-1.707
29.15,-0.824,10.621,-1.156,1.098,4.512,10.061
29.2,-0.433,9.946,-1.607,2.927,2.134,-1.829
29.25,-1.487,9.924,-1.42,-1.402,-0.305,-5.671
29.3,-1.362,10.092,-0.986,3.11,1.646,1.28
29.35,-0.742,10.324,-1.678,3.598,8.476,-3.476
29.4,-0.728,11.128,-1.808,-0.793,5.061,-11.646
29.45,-1.106,10.379,-1.599,-5.122,8.415,-8.232
29.5,-1.99,10.405,-1.348,4.085,0.305,-6.159
29.55,-0.747,9.981,-1.109,-0.976,5.549,-8.232
29.6,-1.513,9.445,-1.669,-0.854,2.012,-6.341
29.65,-1.247,9.29,-1.518,-1.402,1.89,-6.341
29.7,-0.898,10.259,-0.917,-4.146,2.805,-2.866
29.75,-2.126,8.832,-1.513,-1.951,0.366,-3.963
29.8,-1.774,9.68,-1.896,-3.72,1.951,15.183
29.85,-0.656,9.297,-1.118,3.354,4.085,2.927
29.9,-0.63,8.887,-1.077,2.012,4.756,4.939
29.95,-1.674,9.917,-1.559,-2.195,2.195,7.317
30,-0.979,10.774,-1.384,-1.098,1.22,-1.22
30.05,-1.173,10.357,-1.379,-2.012,-0.854,1.768
30.1,-1.063,9.823,-1.255,-0.122,1.463,-2.012
30.15,-0.757,9.582,-1.252,1.037,3.841,-8.78
30.2,-0.9,10.453,-1.844,-2.073,5.671,-22.561
30.25,-2.49,9.783,-1.566,-5.732,-0.976,-6.463
30.3,-1.501,10.022,-0.962,-0.671,3.902,0.915
30.35,-0.96,9.56,-1.085,4.939,3.232,-1.951
30.4,-0.656,11.001,-1.446,-9.878,12.317,4.207
30.45,-1.063,9.706,-0.804,-6.159,3.598,2.5
30.5,-1.252,9.802,-1.202,6.646,3.232,4.695
30.55,-0.642,9.73,-1.398,3.415,7.012,6.22
30.6,-0.761,9.776,-1.7,-1.646,9.512,2.134
30.65,-1.199,9.548,-1.489,-2.073,4.024,4.634
30.7,-1.532,9.357,-1.568,2.744,3.293,7.317
30.75,-1.104,9.515,-1.396,2.622,2.195,3.72
30.8,-0.318,10.489,-1.077,2.378,6.951,9.024
30.85,-0.881,10.398,-1.551,-2.256,7.073,5.732
30.9,-0.503,9.206,-1.836,-0.427,4.634,0.244
30.95,-0.783,9.258,-1.391,3.598,3.902,4.512
31,-0.575,10.637,-1.7,1.159,6.524,5.854
31.05,-0.704,9.529,-1.786,0.122,5.793,5.976
31.1,-0.891,9.505,-1.413,4.451,1.89,9.695
31.15,0.297,10.523,-1.389,12.439,7.805,-6.585
31.2,-0.721,10.661,-1.788,8.963,7.378,-12.866
31.25,-0.022,9.325,-1.626,-3.049,3.659,-1.951
31.3,-0.204,9.907,-1.298,0,2.134,-3.171
31.35,0.165,9.773,-1.566,0.183,4.817,-1.585
31.4,0.146,9.893,-1.322,0,2.5,-2.744
31.45,-0.524,10.314,-1.417,-1.463,2.805,-0.61
31.5,-0.17,10.142,-1.46,2.622,4.39,-1.037
31.55,-0.912,10.216,-1.544,7.561,3.354,5.549
31.6,-0.615,10.06,-1.834,6.89,3.841,6.402
31.65,-0.436,10.151,-2.114,2.805,3.232,4.146
31.7,-0.029,9.972,-2.049,-1.159,3.902,8.354
31.75,-0.134,9.522,-1.638,2.012,3.476,8.354
31.8,0.101,9.673,-1.76,4.756,4.268,9.146
31.85,0.292,10.295,-1.705,1.768,4.573,6.159
31.9,0.316,10.479,-2.059,1.951,5.305,7.927
31.95,0.69,9.778,-1.69,4.817,3.659,6.098
32,0.156,9.845,-1.798,5.244,4.817,6.707
32.05,0.589,10.228,-2.114,1.646,4.451,9.817
32.1,0.508,10.171,-1.731,3.171,5.488,8.963
32.15,0.826,9.895,-2.016,4.817,6.098,6.89
32.2,0.673,9.857,-2.186,1.89,3.11,4.878
32.25,1.781,10.455,-2.018,2.622,4.329,-1.768
32.3,0.984,10.369,-2.447,3.232,2.073,5.305
32.35,1.164,9.505,-2.157,3.659,0.183,-1.951
32.4,0.512,10.475,-2.495,-0.549,2.134,-1.524
32.45,1.408,10.25,-2.33,-1.89,4.268,-2.683
32.5,1.202,10.221,-2.018,2.195,1.768,-4.268
32.55,0.558,10.393,-2.765,-5.61,1.037,-7.195
32.6,0.345,10.417,-2.215,-13.11,-3.049,-0.732
32.65,0.864,9.455,-1.14,-5.366,0.854,-3.049
32.7,1.013,9.823,-1.829,4.024,-2.256,-3.415
32.75,0.711,10.661,-2.049,4.756,-1.037,-5.671
32.8,1.092,10.262,-2.433,0.854,-3.11,-2.744
32.85,1.008,9.426,-1.654,2.683,-6.768,-5.732
32.9,0.766,9.541,-1.7,11.951,-1.341,-4.024
32.95,0.493,10.676,-1.994,-2.134,-3.78,-2.378
33,1.053,10.013,-1.733,3.11,-3.841,-4.573
33.05,0.67,9.761,-2.873,2.195,-9.085,-5.427
33.1,0.845,10.235,-2.44,-0.549,-9.024,-1.463
33.15,0.536,9.74,-2.186,15.488,-4.878,3.293
33.2,0.606,10.195,-2.088,-4.085,-10.976,3.537
33.25,0.955,9.538,-1.851,-1.037,-7.988,6.524
33.3,1.654,10.027,-1.935,13.598,-0.488,1.646
33.35,1.561,10.025,-3.134,11.28,1.341,7.683
33.4,0.809,10.151,-3.175,-2.134,3.354,-3.232
33.45,0.769,10.252,-2.452,-13.415,1.951,-3.598
33.5,1.369,9.392,-1.707,-7.744,4.512,-3.293
33.55,0.383,9.594,-1.437,-1.037,-0.305,4.939
33.6,1.444,9.919,-2.279,-1.098,1.159,1.341
33.65,0.215,10.317,-2.49,-13.537,0.366,5.488
33.7,1.446,9.44,-2.066,-13.598,5.366,2.134
33.75,1.573,9.728,-1.65,-11.098,0.549,-0.549
33.8,1.453,9.84,-1.281,1.646,15.427,1.463
33.85,1.844,9.311,-2.124,3.598,5.854,8.293
33.9,1.439,10.204,-1.999,-4.146,-1.646,-0.366
33.95,1.614,10.065,-2.365,-4.756,2.317,3.476
34,1.654,10.125,-1.966,-9.573,3.598,1.829
34.05,1.448,9.888,-1.456,-8.293,0.732,-7.805
34.1,1.207,9.56,-1.506,2.683,-2.805,0.671
34.15,1.434,10.262,-1.875,1.585,-1.524,-8.11
34.2,1.324,10.422,-2.057,5.244,1.22,-14.329
34.25,1.472,9.924,-2.222,-2.927,7.012,-7.073
34.3,1.199,10.221,-1.834,-5.061,7.378,-13.72
34.35,0.627,9.663,-1.489,-2.134,3.78,-10.061
34.4,0.903,9.732,-1.221,13.598,1.098,-4.878
34.45,0.838,10.027,-0.955,28.841,3.476,-12.622
34.5,0.33,9.352,-1.144,32.988,3.902,-11.28
34.55,0.563,10.57,-2.344,37.866,7.317,-7.683
34.6,0.223,9.756,-3.294,26.402,3.354,-2.378
34.65,0.713,10.276,-3.56,23.415,4.756,-3.476
34.7,0.467,10.518,-3.407,14.085,4.634,-0.915
34.75,1.051,9.364,-3.194,11.402,7.5,-2.378
34.8,2.138,9.816,-3.563,9.39,7.988,-11.707
34.85,0.591,9.407,-2.959,10.061,3.171,-7.317
34.9,0.812,9.543,-3.639,16.22,4.268,-10.305
34.95,0.74,9.304,-3.565,19.634,7.073,-4.085
35,0.259,9.876,-3.721,16.463,6.89,-15.61
35.05,0.354,10.046,-4.252,14.939,2.134,-2.927
35.1,1.176,9.706,-3.845,5.183,5.122,-1.646
35.15,1.202,10.178,-4.887,-1.585,7.195,-3.72
35.2,0.977,10.013,-4.688,-7.134,7.561,-7.927
35.25,0.958,9.658,-4.357,-0.366,7.927,-2.439
35.3,0.852,9.443,-2.634,-7.988,2.195,-5.61
35.35,0.51,10.216,-3.086,13.476,-1.22,-9.451
35.4,0.292,10.178,-4.702,12.622,-14.634,-8.415
35.45,0.309,10.142,-5.303,4.695,3.049,-7.317
35.5,0.256,9.565,-3.965,-2.622,-1.159,-2.134
35.55,0.024,9.661,-4.298,-2.805,-5.427,-1.341
35.6,0.816,10.556,-3.931,-3.293,-1.341,-0.244
35.65,0.184,8.933,-3.733,4.146,1.28,-2.134
35.7,0.316,10.439,-4.187,-1.463,0.61,-4.695
35.75,0.505,10.274,-4.14,-4.878,-7.378,-1.22
35.8,1.281,9.199,-3.735,-5.671,-5.427,-4.756
35.85,0.737,9.541,-3.692,-1.89,-4.756,-0.671
35.9,0.747,9.682,-4.068,-1.585,-3.293,-2.134
35.95,0.692,9.938,-4.092,-1.098,-1.829,-3.415
36,0.148,9.426,-4.202,-6.22,-5.305,-1.707
36.05,0.457,9.91,-4.231,-5.793,-5.122,-1.585
36.1,0.385,8.365,-3.349,-12.561,2.744,-1.28
36.15,0.086,9.354,-3.22,-13.963,3.598,-0.793
36.2,0.599,10.259,-2.763,-8.659,1.951,-4.268
36.25,0.579,9.646,-2.914,-15.366,2.5,-1.707
36.3,0.546,9.512,-3.393,5.976,2.622,-2.439
36.35,0.177,9.538,-3.721,3.11,-15.61,-2.561
36.4,0.457,10.063,-3.946,-0.915,3.354,-2.256
36.45,0.175,10.005,-3.91,-3.78,1.89,-2.866
36.5,0.129,9.744,-3.247,-5.366,1.829,-1.585
36.55,0.421,9.957,-3.318,-3.659,3.659,-1.89
36.6,0.5,10.003,-3.476,-0.061,3.354,-4.268
36.65,0.479,9.914,-3.812,-1.585,1.159,-3.415
36.7,0.338,10.077,-3.634,-4.207,3.78,-1.951
36.75,0.433,9.524,-3.208,-5.549,1.463,0
36.8,0.515,9.946,-3.431,-4.512,3.049,-1.89
36.85,0.515,10.245,-3.268,-5.61,5,-2.256
36.9,0.316,9.957,-3.342,-3.72,2.5,-3.598
36.95,-0.086,9.744,-3.27,-3.354,2.866,0
37,0.304,10.044,-3.098,-1.951,2.683,-3.293
37.05,0.34,9.301,-2.808,0.793,3.11,-0.671
37.1,0.919,9.862,-3.575,-3.232,3.171,-7.073
37.15,-0.098,10.101,-3.642,-10.671,0.976,-1.585
37.2,-0.211,10.228,-3.357,-15.366,4.573,1.098
37.25,0.812,10.302,-2.641,-14.756,7.378,-1.341
37.3,-0.843,10.19,-2.55,-8.902,3.232,11.951
37.35,-0.225,9.673,-2.71,-8.354,-2.195,12.195
37.4,0.567,9.464,-2.236,-10.732,9.634,6.463
37.45,1.164,9.658,-2.028,-9.085,8.659,0.305
37.5,1.061,9.254,-1.721,2.073,4.817,2.561
37.55,0.776,10.367,-2.971,1.463,3.841,-2.378
37.6,0.888,9.203,-2.983,2.317,2.5,-1.89
37.65,0.405,9.634,-2.808,-3.415,-15.122,-15.305
37.7,0.771,8.459,-2.073,-0.183,3.171,-15.244
37.75,0.711,9.835,-2.765,-10.732,-13.476,-3.72
37.8,0.587,10.795,-2.99,-30.915,0.915,-2.5
37.85,0.555,9.603,-2.289,-20.427,3.659,-1.585
37.9,0.759,9.661,-1.393,-19.817,1.585,-4.878
37.95,0.785,9.704,-1.499,-12.622,2.073,-1.768
38,0.68,10.075,-1.894,-14.939,-0.61,-6.463
38.05,2.94,11.167,-1.329,-2.317,-6.524,-40.854
38.1,2.15,10.975,-1.255,0.671,-2.866,-52.683
38.15,-3.053,9.345,-2.404,-11.89,0.183,-11.585
38.2,-1.733,10.491,-1.444,-9.878,-0.61,9.39
38.25,1.144,9.194,-0.359,9.39,0.244,4.39
38.3,0.215,8.842,-0.893,48.232,-10.183,-2.988
38.35,0.622,9.488,-1.551,49.024,-12.012,-2.378
38.4,0.656,9.328,-2.447,57.683,-11.28,-6.951
38.45,0.421,8.705,-2.648,78.78,-6.28,-8.72
38.5,-0.146,8.741,-3.589,108.171,-2.012,3.841
38.55,-0.251,8.995,-4.192,104.451,0.122,-1.707
38.6,0.491,9.191,-5.801,107.561,-1.646,-2.561
38.65,-0.385,8.545,-5.921,110.976,-7.073,9.634
38.7,-0.587,9.088,-6.644,118.354,-11.22,35.549
38.75,0.402,6.776,-7.35,120.427,-14.939,44.695
38.8,0.417,7.712,-8.447,114.329,-19.329,60.549
38.85,0.984,10.879,-19.613,81.341,-6.402,47.561
38.9,10.575,7.379,-12.158,62.927,-43.963,27.317
38.95,1.085,7.511,-11.574,43.049,2.622,5.061
39,1.463,2.77,-10.906,3.78,-17.439,-10.183
39.05,0.697,3.986,-10.57,-21.098,-9.817,14.207
39.1,1.111,4.573,-10.934,-31.28,2.134,6.524
39.15,0.69,4.793,-10.118,-57.317,17.073,-14.817
39.2,-0.857,6.95,-8.365,-15.427,5,-4.878
39.25,0.725,7.096,-8.054,5.976,5.244,-6.159
39.3,0.383,6.218,-10.24,0.976,2.5,-3.841
39.35,0.548,6.208,-9.246,1.707,2.622,-3.293
39.4,0.22,6.553,-9.529,-1.159,0.549,1.098
39.45,0.464,6.44,-9.598,-1.463,1.402,0.671
39.5,0.35,5.835,-9.51,-2.744,0,3.476
39.55,-0.065,6.419,-9.124,0.549,-0.61,4.817
39.6,0.158,6.416,-9.579,-0.61,1.646,9.085
39.65,-0.488,6.644,-9.637,15.549,-2.012,12.439
39.7,0.967,6.012,-9.881,-4.024,0.427,14.939
39.75,0.706,6.17,-9.527,2.866,-2.805,10.549
39.8,1.147,6.17,-10.271,2.317,-2.134,11.098
39.85,1.003,6.551,-9.258,7.439,-6.646,9.939
39.9,1.314,6.244,-10.034,14.756,-10.976,7.195
39.95,1.173,6.153,-8.171,26.463,-17.012,7.439
40,0.441,5.473,-10.326,22.927,-12.561,9.939
40.05,0.103,5.174,-10.958,21.89,-5.976,1.341
40.1,-0.139,5.763,-12.06,8.476,2.012,4.634
40.15,-0.371,5.629,-11.238,4.268,2.439,0.061
40.2,0.716,4.611,-10.137,-1.037,3.537,-3.293
40.25,0.603,5.49,-10.027,-1.524,2.805,-2.439
40.3,0.352,5.629,-9.874,-0.122,3.293,-2.073
40.35,0.522,5.243,-10.156,0.061,2.561,-2.317
40.4,0.488,5.385,-9.986,-0.976,2.622,-1.768
40.45,0.397,5.547,-10.19,-0.305,3.049,-2.378
40.5,0.541,5.669,-9.969,2.927,0.915,0.793
40.55,0.12,5.593,-9.871,8.659,-0.671,6.037
40.6,0.927,6.021,-9.74,9.146,-4.878,8.415
40.65,0.555,5.382,-9.002,3.963,-4.451,9.39
40.7,1.714,5.923,-10.76,3.232,-6.463,10.732
40.75,0.441,4.568,-10.036,-2.5,-3.232,9.024
40.8,0.01,4.53,-9.534,-10.305,-5.793,5.122
40.85,0.678,6.249,-9.867,-8.293,-0.366,0.061
40.9,0.158,5.665,-10.029,-7.317,0.976,-1.524
40.95,0.39,4.336,-9.433,-19.39,5.122,-4.024
41,1.013,7.903,-9.68,-10,0.915,-14.817
41.05,-0.184,3.85,-9.78,-29.573,3.415,-1.524
41.1,0.898,5.871,-9.512,-11.463,1.524,-1.829
41.15,0.857,6.127,-10.412,-17.683,3.78,-3.598
41.2,0.105,5.454,-8.485,-25.976,4.329,-6.341
41.25,1.513,5.576,-9.761,15.183,3.78,-4.512
41.3,0.148,5.432,-9.809,0.732,2.134,-2.744
41.35,0.256,6.146,-10.022,0.183,2.622,-2.256
41.4,0.297,5.952,-9.713,0.427,1.707,-1.524
41.45,0.28,6.194,-9.388,-0.732,-0.244,-0.793
41.5,1.298,5.851,-9.957,-0.732,4.329,-3.659
41.55,0.089,5.878,-9.843,-2.012,3.232,-3.476
41.6,0.771,6.268,-9.079,-3.293,2.683,-7.195
41.65,-0.223,5.789,-10.003,0.305,1.341,-2.256
41.7,0.266,6.033,-9.452,-15,1.22,-0.549
41.75,0.335,6,-9.072,1.89,4.451,-3.171
41.8,0.158,5.981,-9.421,-1.524,1.89,-3.049
41.85,0.309,6.563,-9.663,1.341,1.707,-1.402
41.9,0.412,5.72,-9.4,-2.5,3.171,-3.293
41.95,0.201,6.292,-9.385,-15.244,2.683,-2.012
42,0.333,6.146,-9.515,0.793,3.72,-3.354
42.05,0.297,5.849,-9.354,-1.037,1.341,-1.402
42.1,0.292,6.084,-9.752,15.549,1.829,-1.098
42.15,0.508,6.1,-9.474,-0.671,2.744,-3.171
42.2,0.34,6.184,-9.639,0.305,2.866,-2.5
42.25,0.333,6.021,-9.354,-15.366,3.049,-2.805
42.3,0.117,5.82,-9.577,2.073,2.866,-2.805
42.35,0.395,5.681,-9.776,-0.854,2.256,-1.463
42.4,0.397,5.432,-9.567,1.341,2.012,-1.585
42.45,0.74,6.27,-9.476,-15.183,3.354,-2.683
42.5,0.151,6.124,-9.895,-0.488,2.378,-1.402
42.55,0.28,5.648,-9.914,-1.89,2.744,-2.927
42.6,1.132,6.28,-9.57,-14.756,2.073,-2.622
42.65,0.472,5.832,-9.73,0.488,2.012,-2.622
42.7,0.62,5.691,-9.718,1.037,3.049,-2.5
42.75,0.546,6.196,-9.392,1.89,2.561,-2.5
42.8,0.527,5.646,-9.613,-3.11,1.524,-3.476
42.85,0.242,6.208,-9.713,0.61,2.622,-2.317
42.9,-0.297,6.105,-9.685,-6.402,0.549,-5.244
42.95,-2.789,4.369,-7.841,3.171,0.183,-2.317
43,0.201,6.093,-9.06,0.488,2.805,-3.049
43.05,0.417,5.315,-9.242,-15.61,2.073,-2.073
43.1,0.271,6.206,-9.61,-0.427,2.256,-2.378
43.15,0.311,5.954,-9.754,0.427,2.5,-2.622
43.2,0.474,6.096,-9.886,-0.183,2.744,-2.378
43.25,0.259,5.657,-9.261,2.927,2.927,-0.976
43.3,0.261,6.211,-9.953,15.122,2.378,-2.073
43.35,-0.302,6.165,-10.101,-1.524,4.512,-5
43.4,0.752,6.335,-10.058,1.098,1.402,0.061
43.45,0.97,5.669,-9.764,-1.829,1.89,-2.195
43.5,0.584,5.229,-9.44,0.854,1.22,-1.28
43.55,0.692,5.748,-9.89,1.341,3.659,-3.598
43.6,0.115,6.263,-9.768,3.232,4.573,-1.768
43.65,0.594,5.191,-9.376,1.098,4.695,-3.049
43.7,-0.05,6.22,-9.515,-1.585,1.524,-1.159
43.75,1.034,6.555,-10.029,-2.073,0.732,-2.134
43.8,1.087,5.849,-9.536,-0.305,3.659,-3.841
43.85,-0.079,4.937,-9.378,-1.037,3.049,-2.256
43.9,0.213,5.72,-9.692,15.488,2.622,-1.951
43.95,0.515,5.871,-9.725,-1.463,1.768,-1.829
44,0.527,6.12,-9.895,15.366,1.646,-1.951
44.05,-0.146,5.547,-9.874,-1.22,1.341,-2.439
44.1,0.309,6.122,-9.716,15.427,2.5,-2.378
44.15,0.431,6.043,-9.804,0,2.073,-2.256
44.2,0.761,6.16,-9.574,0.244,3.11,-2.561
44.25,0.761,5.974,-9.591,-15.427,2.683,-1.829
44.3,0.603,5.76,-9.85,-0.122,1.707,-1.707
44.35,0.35,6.208,-9.955,0,2.988,-1.89
44.4,0.014,5.825,-9.44,1.037,2.622,-2.439
44.45,0.022,5.758,-9.28,-0.488,1.524,-2.256
44.5,0.407,5.902,-9.507,15.488,2.561,-1.951
44.55,-0.115,5.772,-9.55,0.732,2.195,-2.256
44.6,0.864,5.753,-9.373,0.488,3.415,-2.805
44.65,0.467,5.27,-9.452,-0.488,1.098,-1.402
44.7,0.22,5.854,-9.912,0.915,3.659,-2.744
44.75,0.84,5.897,-9.419,0.793,3.11,-3.049
44.8,0.603,5.825,-9.507,1.341,3.354,-1.707
44.85,-0.134,5.784,-9.653,0.61,2.012,-2.439
44.9,0.074,6.103,-9.586,2.073,3.72,-3.232
44.95,0.278,5.911,-9.57,0.854,2.012,-2.561
45,0.457,5.866,-9.601,-0.122,2.012,-2.073
45.05,0.311,5.839,-9.706,0.671,1.829,-2.561
45.1,0.673,5.921,-9.711,0.183,2.805,-2.805
45.15,0.678,5.902,-9.567,0.183,2.683,-2.5
45.2,0.912,5.808,-9.735,-1.402,5.061,-15.61
45.25,0.599,5.99,-9.907,-4.756,8.232,-5.976
45.3,0.108,6.091,-9.704,2.683,2.744,-2.866
45.35,0.127,5.849,-9.558,3.354,3.78,-2.012
45.4,0.46,6.1,-10.001,15,1.22,0.427
45.45,0.843,6.076,-9.242,3.72,-0.366,13.293
45.5,1.161,6.141,-10.19,2.012,-1.646,15.549
45.55,0.891,5.614,-8.305,15.305,2.012,-1.707
45.6,1.463,5.818,-9.644,1.707,3.171,0.244
45.65,1.235,6.675,-12.055,-1.402,15.549,3.902
45.7,1.341,5.849,-9.977,13.049,-2.256,6.341
45.75,0.407,6.285,-11.131,-5.366,-3.049,6.341
45.8,1.305,3.419,-12.012,-1.463,-3.415,6.341
45.85,-0.469,6.838,-10.206,-14.939,-1.768,1.037
45.9,0.122,6.44,-10.843,15.305,5.488,-9.329
45.95,-1.839,6.045,-9.019,2.561,6.951,-11.402
46,0.584,6.067,-10.329,-1.463,2.256,-3.049
46.05,0.385,5.65,-9.33,-1.768,3.049,-3.171
46.1,0.907,4.863,-8.325,5.915,9.451,0.793
46.15,-0.467,5.727,-9.938,-3.72,-0.854,-0.915
46.2,0.924,5.454,-10.087,-3.293,6.768,-6.707
46.25,0.685,5.55,-9.517,-2.927,4.573,-6.463
46.3,-0.749,7.341,-10.781,2.378,8.598,-9.451
46.35,0.745,5.456,-7.74,2.073,9.939,-13.11
46.4,-1.192,5.001,-6.876,-2.378,12.866,-10.122
46.45,0.862,8.042,-10.3,-6.646,8.598,-10.122
46.5,-1.173,4.736,-9.009,8.476,11.402,-7.683
46.55,1.092,6.843,-8.729,-9.268,9.756,-8.537
46.6,-0.034,5.782,-9.548,-0.427,4.39,-1.829
46.65,-0.132,5.78,-9.421,-3.598,0.915,-0.793
46.7,0.39,6.438,-10.139,-2.256,2.866,-1.098
46.75,0.472,6.005,-9.811,-1.037,3.841,-2.317
46.8,0.359,6.084,-9.886,0.488,2.927,-2.988
46.85,0.091,5.825,-9.586,-0.976,2.256,-1.22
46.9,0.534,5.842,-9.85,1.098,5.061,-3.963
46.95,0.594,5.933,-9.268,-0.61,0.793,-1.341
47,0.615,5.854,-9.524,-0.305,5.427,-4.207
47.05,0.316,6.014,-9.96,-0.61,0.061,-0.488
47.1,0.388,6.443,-9.462,0.305,5.61,-4.39
47.15,0.479,6.167,-9.742,0,3.476,-2.073
47.2,0.718,6.551,-8.894,0.183,9.207,-5.366
47.25,0.35,6.249,-9.347,-2.439,5.244,-0.488
47.3,0.646,6.74,-9.23,-11.159,2.744,14.573
47.35,-0.931,6.057,-10.637,-5.305,3.902,-2.195
47.4,0.165,6.297,-9.603,-6.829,2.012,-0.366
47.45,0.682,6.258,-7.992,2.317,8.171,-4.329
47.5,-0.297,6.069,-10.652,-7.073,0.915,14.146
47.55,0.467,5.468,-7.992,-4.512,-1.585,-3.354
47.6,1.219,3.833,-9.201,-7.073,-3.11,4.451
47.65,0.883,8.09,-9.11,-7.439,6.768,15.366
47.7,0.773,5.873,-9.584,-6.037,4.512,-1.646
47.75,0.869,6.299,-8.507,-6.646,-0.488,-0.061
47.8,1.104,7.57,-9.179,-6.524,0.061,-4.512
47.85,0.692,6.136,-8.679,-5.61,1.098,0.061
47.9,1.573,6.235,-8.926,-6.89,-3.659,1.524
47.95,-0.436,7.724,-10.257,-6.28,0.305,5.122
48,1.377,7.041,-9.469,-2.866,-0.061,-1.646
48.05,0.754,6.321,-8.904,-0.061,0.793,-1.463
48.1,0.706,6.871,-8.808,15.549,3.171,-2.5
48.15,0.912,6.807,-8.935,-0.183,2.805,-2.561
48.2,0.637,6.804,-9.005,15.549,2.683,-2.439
48.25,0.687,6.888,-9.019,-15.61,2.439,-2.683
48.3,0.735,6.838,-8.983,-0.427,2.5,-2.195
48.35,0.723,6.615,-8.902,-1.28,1.707,-2.195
48.4,0.742,6.172,-8.772,-0.366,9.39,-2.378
48.45,0.06,7.084,-9.151,-2.012,-0.854,14.146
48.5,0.555,7.57,-8.732,-6.159,-15.61,1.098
48.55,0.804,6.06,-9.227,-3.232,-1.646,2.5
48.6,0.759,6.553,-8.851,-5.61,-2.683,15.427
48.65,0.182,6.57,-8.241,-4.085,-2.622,0.549
48.7,1.432,7.614,-8.162,-4.39,-4.085,1.951
48.75,0.651,6.424,-8.784,-7.073,-2.866,5.061
48.8,-0.733,7.072,-7.999,-0.854,-5.976,2.5
48.85,1.135,6.653,-8.564,-5.305,-0.427,1.768
48.9,1.322,6.876,-8.655,-3.171,-2.195,4.451
48.95,0.733,7.566,-8.868,-3.902,-3.232,3.171
49,1.032,7.02,-8.595,-4.756,-0.061,0.305
49.05,1.109,7.64,-8.717,-8.11,-5.244,3.415
49.1,0.567,6.261,-8.442,-1.829,-4.085,-0.122
49.15,1.216,7.046,-8.492,-6.098,1.829,5.183
49.2,0.017,6.455,-8.643,0.488,-15.549,-0.793
49.25,0.697,7.506,-8.61,-0.305,4.39,-3.415
49.3,0.797,6.778,-8.832,-0.305,2.073,-0.305
49.35,0.871,7.458,-8.849,-0.427,0.549,-2.561
49.4,0.309,8.088,-8.143,-8.72,-6.89,1.524
49.45,0.761,6.802,-7.934,-18.232,-9.207,6.646
49.5,2.373,7.52,-10.276,-12.683,-2.134,2.378
49.55,3.527,7.63,-10.439,-22.5,-6.829,2.5
49.6,0.168,6.924,-7.793,-17.927,-9.939,4.268
49.65,2.365,8.15,-6.955,-20.305,-1.829,4.146
49.7,-0.309,7.185,-9.203,-16.707,-5.488,5.793
49.75,0.022,9.428,-8.181,-22.073,-7.988,5.305
49.8,-0.105,6.196,-7.36,-16.037,-4.39,-15.488
49.85,-0.108,8.143,-7.269,-21.646,-4.268,0.915
49.9,1.901,7.032,-8.408,-18.537,-14.817,4.878
49.95,1.346,8.612,-7.915,-20.732,-2.927,1.524
50,0.177,9.031,-8.119,-20.122,-6.524,2.256
50.05,0.024,8.454,-7.46,-30.183,-2.134,1.524
50.1,0.948,8.004,-5.751,-19.878,-15.427,1.402
50.15,1.618,7.705,-7.056,-5.671,-14.146,-0.244
50.2,0.675,8.15,-7.276,2.012,5.976,-1.829
50.25,0.725,9.479,-7.587,-7.927,11.768,-3.11
50.3,0.594,8.487,-6.773,-8.232,5,-0.671
50.35,0.187,8.183,-5.744,-0.915,2.5,-6.037
50.4,2.854,11.748,-6.577,-8.72,10.061,-3.963
50.45,1.08,7.628,-6.922,-3.415,7.805,-5.732
50.5,0.644,8.44,-6.596,-5.366,9.573,-15.488
50.55,1.214,9.505,-7.47,-1.829,7.744,-4.451
50.6,0.819,8.152,-6.1,3.232,11.829,-4.756
50.65,1.456,8.428,-7.616,-5.488,9.085,-1.585
50.7,1.087,9.134,-6.395,-1.524,10,-1.037
50.75,1.113,9.184,-7.137,-1.037,13.78,-2.195
50.8,1.369,9.105,-6.759,-3.902,8.841,-2.866
50.85,0.551,9.143,-6.074,-1.585,10.488,-3.659
50.9,0.572,8.164,-6.67,-5.122,12.5,-3.72
50.95,1.207,9.323,-6.414,7.805,12.683,-3.049
51,1.458,9.534,-7.039,1.28,2.195,-4.573
51.05,1.094,8.995,-7.039,-2.744,9.146,-7.317
51.1,1.518,8.981,-6.642,-3.354,4.878,-8.293
51.15,1.073,9.333,-6.483,-5.488,2.256,-6.646
51.2,0.457,8.801,-6.658,-8.476,10.671,-3.11
51.25,1.092,8.966,-6.675,-10.793,6.28,-4.329
51.3,0.766,9.079,-6.977,-11.098,5.427,-4.634
51.35,1.408,7.578,-5.799,-10.366,3.415,-4.634
51.4,0.409,8.55,-5.727,-7.988,5.244,-3.476
51.45,1.64,9.086,-6.208,-9.268,6.28,-1.768
51.5,0.601,9.555,-6.199,-10.305,2.988,-1.098
51.55,1.058,9.481,-6.11,-10.427,4.939,-2.439
51.6,1.135,9.754,-4.729,-5.366,11.22,-5
51.65,1.132,9.378,-5.466,-6.707,13.598,-2.012
51.7,0.649,9.301,-5.739,-5.854,11.402,-2.195
51.75,1.587,8.684,-5.804,-0.427,2.073,-2.012
51.8,1.147,9.297,-5.48,-0.61,4.146,-2.195
51.85,0.95,9.424,-5.653,-0.427,2.439,-2.744
51.9,1.056,9.069,-5.456,15.305,3.659,-2.256
51.95,1.113,9.263,-5.519,0.244,3.11,-2.317
52,0.984,9.328,-5.425,-0.122,1.89,-2.317
52.05,0.948,9.345,-5.734,-1.098,2.683,-1.463
52.1,1.472,9.012,-5.282,-5.976,7.073,-1.463
52.15,1.733,8.887,-5.636,-16.707,1.768,-2.988
52.2,1.056,9.354,-5.078,-16.89,2.012,-5.305
52.25,1.12,9.005,-4.891,-12.195,1.341,-3.841
52.3,0.735,9.115,-5.274,-16.707,2.805,-2.927
52.35,1.233,9.402,-5.193,-16.89,5.122,-5.427
52.4,0.625,9.634,-4.714,-17.5,2.134,-5.122
52.45,1.19,9.625,-4.532,-12.744,2.378,-4.329
52.5,1.12,9.811,-4.369,-16.22,4.512,-5.488
52.55,0.994,9.378,-4.345,-14.878,2.805,-7.073
52.6,1.211,9.471,-4.245,-15.366,2.012,-4.939
52.65,0.16,10.755,-4.377,-12.5,3.963,-8.11
52.7,1.714,9.699,-4.247,-23.659,3.354,-0.061
52.75,1.058,9.708,-3.443,-21.951,4.939,-16.402
52.8,0.891,10.084,-3.766,-27.927,2.439,-20.671
52.85,0.833,9.591,-3.239,-26.098,5.488,-22.561
52.9,-0.165,9.828,-2.219,-7.622,4.573,-8.415
52.95,-0.117,10.017,-2.806,5.244,1.098,2.927
53,0.917,9.843,-3.531,-0.244,2.561,-3.171
53.05,0.57,9.878,-3.28,-2.012,5.366,-6.341
53.1,-0.041,9.369,-2.744,5.244,0.183,-10.793
53.15,0.759,10.075,-3.201,5.549,0.244,-13.476
53.2,0.194,9.708,-3.754,2.988,2.317,-10.915
53.25,0.445,10.001,-3.419,4.512,2.744,-8.841
53.3,0.546,10.013,-3.517,3.72,1.829,-7.256
53.35,-0.29,9.859,-3.383,5.244,3.354,-2.073
53.4,0.256,9.89,-3.56,2.317,3.598,-4.329
53.45,-0.366,9.9,-3.302,-1.646,1.646,-0.671
53.5,0.053,10.123,-3.666,-1.768,1.646,-3.293
53.55,-0.031,10.082,-3.558,0.671,3.476,-2.195
53.6,0.086,9.694,-3.826,2.134,2.622,-2.5
53.65,-0.45,9.862,-3.598,-0.244,1.829,-1.829
53.7,0.062,9.833,-3.232,-0.305,2.378,-2.073
53.75,0.048,9.656,-3.51,1.098,3.476,-2.927
53.8,-0.129,10.087,-3.428,0.366,2.5,-2.012
53.85,0.01,9.938,-3.431,-0.366,2.256,-2.195
53.9,0.127,9.974,-3.349,0.488,2.256,-2.256
53.95,-0.084,10.053,-3.654,0.244,3.171,-2.439
54,0.268,9.914,-3.632,-2.195,3.293,-2.561
54.05,0.129,9.924,-3.431,0.61,2.317,-2.134
54.1,0.084,10.039,-3.591,0.244,2.805,-2.561
54.15,-0.146,9.692,-3.402,0.061,2.561,-1.951
54.2,0.124,9.888,-3.819,0.366,2.683,-2.5
54.25,-0.06,9.819,-3.455,0.427,2.866,-2.317
54.3,0.096,10.008,-3.373,0.305,2.195,-2.927
54.35,-0.079,10.032,-3.632,-0.671,2.805,-2.378
54.4,-0.084,10.015,-3.479,0.732,2.439,-3.049
54.45,-0.01,10.029,-3.455,-0.244,2.5,-2.134
54.5,0.129,9.862,-3.402,0.244,2.744,-2.561
54.55,-0.026,9.943,-3.661,0.122,2.744,-1.89
54.6,-0.06,9.792,-3.28,2.317,2.5,-2.622
54.65,-0.019,10.096,-3.694,-1.28,2.805,-2.256
54.7,-0.127,9.747,-3.519,-1.098,2.622,-2.195
54.75,0.005,10.041,-3.639,0.61,2.439,-2.439
54.8,-0.105,9.855,-3.476,-0.793,2.622,-2.073
54.85,-0.148,9.84,-3.548,0.732,2.134,-2.683
54.9,-0.048,9.946,-3.385,-0.427,2.683,-2.256
54.95,-0.01,9.821,-3.433,0.244,2.256,-2.561
55,0.007,9.864,-3.426,-0.366,2.622,-2.134
55.05,-0.031,9.905,-3.39,0.366,2.744,-2.683
55.1,0.22,9.934,-3.61,-0.366,0.976,-6.22
55.15,-0.946,9.553,-3.582,3.415,-0.305,-3.659
55.2,-0.946,9.553,-3.582,3.415,-0.305,-3.659
55.25,1.032,10.135,-3.383,5.793,-4.146,-9.024
55.3,-0.35,9.934,-3.79,0.549,-4.695,-3.354
55.35,0.359,9.704,-3.376,-3.171,-4.146,0.427
55.4,-1.156,9.802,-3.472,-2.134,-4.268,2.317
55.45,0.165,9.864,-3.651,0.549,-2.866,1.89
55.5,-0.508,10.094,-3.668,-0.366,-4.146,4.268
55.55,-0.448,9.864,-3.824,-0.305,-3.963,4.146
55.6,0.467,10.151,-3.97,-5.244,-5.244,4.207
55.65,-0.201,9.957,-3.61,-6.341,-1.829,8.537
55.7,0.268,9.72,-3.376,-1.829,-5.061,10.061
55.75,-1.334,10.195,-3.074,3.598,-5.244,10.976
55.8,0.283,11.274,-3.649,3.902,-8.171,7.195
55.85,0.876,9.969,-3.84,-1.829,2.622,-4.024
55.9,0.412,9.934,-3.472,-3.78,5.305,-3.232
55.95,-0.034,9.893,-3.144,2.256,1.768,-1.89
56,0.436,9.823,-3.675,2.378,1.951,-2.378
56.05,0.34,9.895,-3.591,-1.28,3.476,-2.622
56.1,0.141,9.919,-3.316,-1.098,3.171,-2.378
56.15,0.204,9.72,-3.256,3.537,2.073,-1.951
56.2,0.122,10.015,-3.859,18.171,-0.305,-0.732
56.25,0.127,10.051,-3.668,22.927,1.829,-1.037
56.3,-0.136,9.96,-4.855,13.78,7.195,3.11
56.35,1.358,9.531,-4.381,11.037,6.22,14.817
56.4,-0.144,9.158,-4.089,8.049,7.073,3.841
56.45,-0.141,9.325,-4.14,20.427,3.354,2.683
56.5,0.524,9.39,-3.551,20.915,3.171,1.585
56.55,0.182,9.768,-4.152,18.902,2.622,4.329
56.6,1.085,9.464,-4.616,24.085,1.098,-0.427
56.65,0.601,8.566,-4.405,29.695,2.195,-4.207
56.7,0.927,10.676,-8.835,25.244,4.939,-15.427
56.75,1.192,9.639,-5.801,-9.634,15.244,-3.72
56.8,-0.488,9.878,-5.052,-10.976,2.134,5.671
56.85,0.594,9.321,-3.421,7.317,6.037,-2.256
56.9,0.649,9.644,-5.191,10.793,3.049,-3.598
56.95,0.9,9.34,-5.583,-1.037,0.671,-3.171
57,0.34,9.5,-4.997,-3.78,4.573,-2.744
57.05,0.52,9.383,-5.114,2.683,2.317,-2.866
57.1,0.864,9.091,-5.114,5,2.561,-0.793
57.15,0.915,9.606,-5.504,1.341,1.89,-2.744
57.2,0.639,9.459,-5.344,4.268,3.841,-1.707
57.25,0.165,9.498,-5.775,2.988,15.061,-0.854
57.3,0.828,9.045,-5.454,3.72,-0.976,-1.463
57.35,0.393,9.22,-5.229,5.549,0.427,-0.671
57.4,0.498,9.325,-5.624,1.524,-15,1.341
57.45,0.388,9.246,-5.715,9.939,4.634,4.756
57.5,0.962,9.1,-5.732,6.646,0.488,2.195
57.55,0.773,9.105,-5.897,8.841,3.171,3.902
57.6,1.03,8.875,-5.701,7.805,5.244,2.561
57.65,0.711,9.067,-5.935,10.427,1.646,9.207
57.7,0.781,8.82,-5.887,8.841,-0.854,3.049
57.75,1.846,8.078,-6.476,3.841,4.512,15.488
57.8,0.917,9.134,-6.11,3.72,4.268,-1.463
57.85,1.207,8.681,-5.947,4.085,5.305,-1.037
57.9,1.089,8.918,-5.923,2.256,1.402,-1.037
57.95,1.147,8.89,-6.179,-0.61,2.317,-2.866
58,0.876,9.146,-6.036,0.366,2.927,-2.744
58.05,0.658,8.954,-6.335,0.061,1.89,-2.012
58.1,0.955,8.971,-6.201,0,0.732,-1.402
58.15,0.807,8.775,-5.847,0.854,2.683,-2.744
58.2,0.814,9.009,-6.05,0,1.707,-2.256
58.25,1.243,8.806,-6.144,1.585,3.902,-3.232
58.3,0.814,9.426,-6.27,2.256,2.256,14.939
58.35,1.269,8.847,-5.301,2.805,2.5,-1.951
58.4,1.585,8.916,-6.182,1.341,1.159,-2.866
58.45,1.077,8.121,-6.165,-0.915,3.171,-1.22
58.5,1.178,9.213,-5.839,11.524,3.963,-15.305
58.55,-0.192,7.807,-7.547,1.951,3.232,-0.488
58.6,-0.153,11.461,-5.143,12.622,0.61,-5.183
58.65,1.585,10.733,-7.453,-2.622,3.537,-0.488
58.7,7.755,4.094,-6.364,-14.695,6.585,-5.061
58.75,-0.362,6.819,-5.768,12.927,6.646,-2.317
58.8,0.397,8.006,-6.869,15.549,-1.463,12.988
58.85,1.099,9.725,-4.946,-2.988,-12.927,-4.146
58.9,1.86,7.551,-7.104,-13.293,0.854,-2.134
58.95,0.699,10.8,-4.017,-5.061,-4.39,13.963
59,1.451,12.139,-6.797,-13.293,4.207,-15.244
59.05,0.998,7.618,-6.009,-0.183,2.927,-1.829
59.1,1.525,9.373,-6.22,-0.305,3.963,-3.049
59.15,1.276,8.837,-6.215,0.671,2.622,-2.256
59.2,0.984,8.969,-6.565,-0.549,3.293,-4.024
59.25,1.092,8.906,-6.129,-1.646,4.939,-4.207
59.3,0.517,10.403,-7.554,3.354,5.244,14.695
59.35,1.805,12.505,-6.16,5.732,5.976,-2.195
59.4,0.225,10.321,-7.891,-12.866,2.073,-2.256
59.45,0.869,10.197,-5.416,-2.134,3.476,-3.049
59.5,0.17,8.138,-4.31,4.573,15.244,-4.817
59.55,2.105,7.887,-7.242,1.463,8.598,-2.073
59.6,0.4,9.555,-6.014,-2.5,2.5,-4.329
59.65,1.908,9.129,-5.909,3.598,8.72,-2.744
59.7,0.101,8.231,-4.606,0,6.646,-4.268
59.75,1.302,9.263,-6.665,-2.439,4.39,-6.585
59.8,-0.699,7.697,-5.619,-14.756,3.171,-2.195
59.85,0.68,8.054,-5.253,-12.378,1.707,14.878
59.9,2.909,8.827,-5.418,-1.159,2.561,-4.146
59.95,1.166,9.318,-5.832,-14.634,4.756,-0.671
60,-0.098,8.672,-6.167,-15.427,-0.488,1.22
60.05,1.894,8.444,-6.323,15.305,5.488,-3.11
60.1,0.737,8.768,-6.27,15.305,1.28,-2.073
60.15,0.68,8.76,-5.875,0.183,2.439,-1.098
60.2,1.633,8.471,-6.067,0.793,6.829,-2.195
60.25,0.788,9.402,-6.122,0.793,8.537,-2.012
60.3,1.209,8.662,-6.287,1.524,2.927,-1.89
60.35,1.29,9.433,-8.179,-15.305,4.756,-0.61
60.4,1.956,7.772,-7.286,-2.073,13.476,-2.561
60.45,1.863,9.333,-6.821,-15.122,4.451,-3.476
60.5,1.29,8.353,-6.507,-2.317,10.549,-3.963
60.55,2.732,8.566,-5.624,5.549,10.976,-6.585
60.6,2.44,7.36,-6.361,-0.793,10.732,-8.11
60.65,0.982,8.116,-6.285,-7.012,7.134,-8.476
60.7,-1.475,8.933,-6.503,-5.061,4.207,-2.622
60.75,-0.218,8.811,-6.656,-11.098,2.683,-1.829
60.8,0.666,7.702,-5.377,-2.988,0,-1.585
60.85,1.07,9.407,-6.981,-4.451,0.549,1.951
60.9,1.798,7.925,-5.239,1.585,-29.817,-4.207
60.95,1.47,7.743,-6.376,4.024,3.78,-2.012
61,0.385,8.863,-6.038,2.317,0.976,-0.488
61.05,1.925,8.918,-6.519,3.537,-2.622,3.598
61.1,1.578,8.724,-7.379,3.293,6.463,-7.012
61.15,0.996,8.358,-5.71,-6.829,4.573,-1.463
61.2,1.477,9.653,-5.521,-7.439,6.768,-5.793
61.25,0.728,9.131,-5.48,-10.244,4.939,-2.256
61.3,4.551,8.897,-7.448,-6.159,6.585,-16.28
61.35,0.158,3.608,-4.123,-15.61,-8.598,-24.817
61.4,2.076,12.869,-10.817,-24.695,-4.329,-4.39
61.45,0.012,11.818,-5.926,-21.037,-4.024,-10.305
61.5,-0.443,9.005,-4.908,-24.39,-18.171,-5.427
61.55,1.626,11.42,-5.377,-19.451,-19.573,7.927
61.6,2.672,10.587,-6.412,-18.72,-31.951,-0.61
61.65,0.524,8.076,-5.686,-20.549,-29.634,5
61.7,2.025,7.889,-4.927,-26.159,-29.451,2.744
61.75,0.582,10.525,-5.246,-27.134,-23.78,-9.512
61.8,0.005,9.742,-5.131,-22.073,-24.695,-0.61
61.85,0.678,9.941,-4.563,-14.39,-15.671,-2.744
61.9,1.654,9.981,-3.462,5.488,7.012,-24.695
61.95,0.292,11.281,-6.318,-18.476,6.098,-8.659
62,0.081,9.838,-3.915,-19.695,15.366,-7.866
62.05,0.702,9.007,-3.718,-6.524,1.951,-3.963
62.1,1.046,9.699,-3.44,-24.634,15.366,-13.171
62.15,1.061,9.804,-3.39,-28.963,4.573,-13.232
62.2,0.019,10.089,-3.033,-35.61,4.512,-6.585
62.25,0.836,9.934,-2.844,-39.024,2.5,-8.354
62.3,0.402,10.58,-2.636,-55.915,4.024,-8.11
62.35,0.227,10.013,-2.684,-74.817,0.732,-2.805
62.4,1.381,8.973,-0.122,18.963,1.646,-10.671
62.45,0.814,10.056,-2.962,5.793,7.988,1.89
62.5,0.251,10.295,-1.817,-0.366,1.28,-2.317
62.55,0.414,10.001,-2.052,0.915,0.366,-1.098
62.6,-0.115,9.663,-1.559,6.89,4.329,0.671
62.65,0.611,9.761,-1.427,22.683,5.244,1.463
62.7,0.302,10.041,-2.241,32.012,1.829,-2.012
62.75,0.498,10.12,-2.605,32.927,0.366,-1.585
62.8,0.115,9.996,-2.761,26.89,0.915,0.305
62.85,0.536,9.96,-2.801,19.634,-13.963,3.476
62.9,0.486,10.082,-3.898,9.146,1.524,0.793
62.95,0.263,9.979,-3.792,-3.598,1.524,-6.585
63,0.522,9.857,-3.036,-16.28,3.659,-9.085
63.05,-0.476,9.785,-2.55,-0.183,0.61,-1.159
63.1,0.752,9.663,-2.48,10.549,0.427,-1.159
63.15,0.539,9.565,-3.218,5.183,1.89,-1.402
63.2,0.515,10.068,-3.148,-2.317,2.988,-4.512
63.25,-0.093,9.931,-3.067,-2.622,2.988,-1.951
63.3,0.127,10.257,-2.99,0.244,2.317,-2.561
63.35,0.093,9.955,-2.916,-0.305,3.171,-2.927
63.4,0.189,10.036,-3.084,0.671,1.951,-1.463
63.45,0.357,9.943,-3.139,1.159,2.378,-1.768
63.5,0.168,9.9,-3.096,-1.768,1.951,-3.293
63.55,0.254,10.254,-3.021,-1.585,2.561,-2.805
63.6,0.18,9.869,-2.945,2.012,2.561,-2.073
63.65,0.271,9.835,-3.077,-0.671,2.256,-2.927
63.7,0.038,9.883,-3.041,-1.524,2.439,-3.902
63.75,0.328,10.135,-3.184,-3.537,2.683,-7.927
63.8,0.146,10.259,-2.792,1.951,3.11,-7.195
63.85,0.294,9.62,-3.5,-5.793,-15.549,-7.683
63.9,0.4,9.819,-2.974,-10.305,-1.89,-4.817
63.95,-0.031,10.388,-2.55,-9.085,0.305,-6.768
64,-0.168,10.161,-2.61,-14.146,-0.793,-5.122
64.05,0.28,9.826,-2.933,-19.512,-1.646,-10.976
64.1,0.024,10.001,-3.342,-48.171,-6.22,-12.134
64.15,0.484,10.697,-2.222,-37.866,-0.976,-8.841
64.2,-0.311,11.523,-1.049,-2.012,-6.402,-1.098
64.25,-0.007,10.386,-1.571,4.085,-9.451,-2.256
64.3,-0.065,10.06,-2.179,5.976,-6.341,-10.549
64.35,-0.134,10.772,-1.796,-2.012,-2.256,-11.585
64.4,-0.728,9.744,-1.362,15.488,2.256,1.159
64.45,-0.235,10.154,-2.289,-0.976,1.89,-3.232
64.5,-0.189,10.269,-2.131,2.866,4.939,9.695
64.55,0.026,10.29,-2.078,-8.049,-3.902,-5.366
64.6,-0.017,9.962,-1.35,1.646,-0.976,-10
64.65,0.189,11.042,-1.985,15.305,1.037,-21.89
64.7,-0.472,8.121,-1.42,6.037,0.488,-0.732
64.75,-0.199,11.04,-1.834,-1.28,4.207,-4.451
64.8,-0.201,10.242,-1.721,-2.012,1.89,-0.61
64.85,-0.785,9.634,-1.688,2.744,1.707,-2.195
64.9,-0.204,10.736,-2.066,0.488,4.634,-2.866
64.95,-0.328,9.711,-1.899,0.366,2.622,-1.951
65,-0.407,9.811,-1.925,0.305,2.378,-3.476
65.05,-0.287,9.917,-1.923,-0.61,3.171,-1.707
65.1,-0.431,9.972,-1.853,-0.488,2.256,-1.951
65.15,-0.244,10.839,-1.877,-15.61,3.78,-13.598
65.2,-0.749,10.839,-1.954,-1.585,1.829,-11.402
65.25,0.28,10.175,-1.903,-2.195,1.28,-15.183
65.3,-0.855,9.713,-1.925,-1.402,5.915,-11.829
65.35,-0.402,9.802,-1.812,-0.427,4.573,-8.841
65.4,-1.094,10.027,-1.999,-0.976,1.159,-6.341
65.45,-1.168,9.835,-1.535,-15.549,3.598,-2.439
65.5,-0.615,10.089,-1.812,0.976,2.622,-2.256
65.55,-0.824,9.701,-1.767,0.366,1.89,-2.866
65.6,-0.852,9.957,-1.705,-0.183,2.805,-1.707
65.65,-0.666,10.156,-1.992,-0.915,4.146,-2.683
65.7,-0.97,9.632,-1.779,0.183,3.293,-2.378
65.75,-0.869,10.252,-1.963,0.854,3.049,2.439
65.8,-0.821,11.389,-1.963,4.024,6.585,7.805
65.85,-0.62,11.456,-2.588,-6.22,5.915,10.854
65.9,0.702,10.228,-0.984,15.427,4.39,19.451
65.95,-0.012,11.042,-1.834,-4.512,5.854,23.232
66,0.613,11.665,-2.073,15.427,2.683,23.415
66.05,1.786,9.005,-0.469,-0.793,6.829,25.183
66.1,-3.019,11.612,-2.399,2.195,4.329,23.476
66.15,0.486,11.102,-2.488,-14.573,2.5,18.293
66.2,0.034,8.868,-2.746,1.646,-0.244,20
66.25,1.417,7.444,0.06,0.671,15.549,18.537
66.3,-0.223,12.811,-2.509,13.72,15.488,30.854
66.35,0.129,7.798,-1.192,3.902,-1.402,31.159
66.4,1.894,7.937,-1.283,6.768,-5.915,11.768
66.45,0.017,9.239,-1.468,-15.183,-1.951,-1.89
66.5,2.016,10.408,-0.931,1.89,-3.72,-36.22
66.55,1.348,10.307,-3.895,5.244,-4.085,-24.939
66.6,0.56,7.286,-1.063,0.061,1.402,-8.841
66.65,-0.263,9.711,-2.837,2.073,-0.915,0.366
66.7,0.733,9.584,-2.186,3.537,2.866,-0.366
66.75,1.109,10.113,-2.282,-1.585,2.805,-1.646
66.8,0.9,9.838,-2.265,2.439,1.707,-1.402
66.85,1.176,10.218,-2.265,-2.012,3.11,-2.622
66.9,1.128,9.953,-2.145,1.159,1.829,-2.012
66.95,0.953,10.396,-2.078,0.366,2.256,-4.756
67,0.613,10.096,-2.291,-1.159,0.305,-5.549
67.05,0.972,9.955,-1.551,2.317,0.671,-5.915
67.1,0.936,9.974,-2.382,0.976,1.402,-3.902
67.15,1.207,10.013,-2.148,15.061,1.28,-4.146
67.2,1.053,10.017,-1.812,1.098,1.402,-6.28
67.25,0.783,10.262,-2.14,1.951,1.098,-5.366
67.3,1.168,10.089,-2.279,-1.341,2.073,-3.963
67.35,0.833,9.919,-2.004,1.341,0.732,-5.61
67.4,0.627,9.907,-2.167,0.244,1.768,-6.22
67.45,0.824,9.967,-2.059,-14.817,2.073,-5.976
67.5,1.022,10.001,-2.128,0.732,0.427,-4.512
67.55,0.508,10.041,-2.217,-1.707,3.72,-5.915
67.6,0.603,10.264,-2.03,-0.549,1.768,0.244
67.65,1.19,10.147,-1.939,-0.488,1.768,0.793
67.7,0.917,10.051,-1.757,0.793,2.195,-3.171
67.75,0.706,10.099,-2.119,-1.524,4.329,-5.305
67.8,0.493,9.51,-2.265,-0.122,3.354,-1.707
67.85,1.202,10.307,-2.219,-1.037,1.463,-2.683
67.9,0.917,10.029,-2.121,0.915,2.805,-1.646
67.95,0.912,9.663,-2.148,-0.793,2.988,-1.951
68,0.565,9.905,-2.085,-0.854,2.378,-0.671
68.05,0.903,9.742,-2.107,0.671,1.098,-0.427
68.1,0.948,10.149,-2.425,-0.427,1.707,-3.171
68.15,0.486,9.953,-2.248,-1.829,2.317,-3.049
68.2,0.354,9.845,-1.884,0.976,1.646,-1.524
68.25,0.625,10.312,-2.064,-0.488,3.537,-1.463
68.3,0.797,9.689,-2.255,-0.061,2.378,0.366
68.35,0.974,9.85,-2.191,-0.122,2.988,-0.549
68.4,0.189,9.948,-2.088,0.671,4.878,1.768
68.45,0.876,10.18,-2.433,0,1.829,2.256
68.5,1.403,10.398,-1.705,-2.683,2.012,0.854
68.55,0.797,9.962,-2.021,0.854,3.171,2.439
68.6,1.19,10.259,-2.444,-1.463,1.829,2.317
68.65,0.886,9.936,-1.896,-0.671,0.61,0
68.7,1.199,10.412,-2.14,-1.829,2.805,-1.28
68.75,1.008,10.025,-1.865,1.402,3.171,-3.537
68.8,1.001,10.154,-2.227,2.073,2.378,-3.415
68.85,1.176,10.206,-2.085,-1.28,1.89,-1.341
68.9,0.826,10.348,-2.284,1.28,0.793,-0.366
68.95,0.982,10.822,-2.145,2.805,4.268,-0.671
69,0.922,10.161,-2.152,5.671,0.488,-8.171
69.05,1.767,10.444,-2.679,8.049,-5,-20.732
69.1,1.712,8.995,-2.65,10.976,-3.415,-23.049
69.15,2.83,11.887,-2.373,10.366,-7.622,-25.366
69.2,-0.673,9.242,-2.454,12.378,-6.463,-29.268
69.25,0.788,11.638,-4.106,1.524,-13.72,-34.634
69.3,-2.626,9.936,-4.365,29.451,8.537,-26.037
69.35,-0.697,9.692,-2.459,19.146,7.805,-13.963
69.4,-0.797,9.574,-2.883,17.5,12.988,-13.11
69.45,-0.572,10.257,-2.897,21.402,3.476,-12.683
69.5,-0.697,9.637,-3.879,12.622,5.244,-11.28
69.55,-0.704,9.883,-4.401,4.146,3.841,-0.732
69.6,-1.015,10.295,-2.363,2.744,2.5,-13.049
69.65,-0.972,10.968,-4.393,-1.402,1.159,-4.146
69.7,-1.29,10.374,-3.534,-2.805,-3.476,16.098
69.75,-0.024,9.668,-3.527,-5.183,-0.305,-4.024
69.8,-0.761,8.957,-3.687,2.317,3.232,-3.171
69.85,-0.742,9.967,-3.524,3.171,0.305,-2.927
69.9,-0.613,9.948,-3.826,-0.427,15.366,-10.366
69.95,-0.649,10.403,-3.658,-1.159,-3.963,-13.841
70,-0.946,11.016,-2.998,-14.451,13.659,-21.585
70.05,-1.058,9.601,-2.674,0.732,-3.049,-21.341
70.1,-1.532,10.767,-3.828,2.561,-3.963,-20.183
70.15,-1.484,8.961,-2.152,2.073,-2.866,-31.22
70.2,-3.541,9.876,-4.731,-5,-7.378,-16.768
70.25,-2.976,8.267,-1.87,0.61,-4.695,-20
70.3,-0.196,8.135,-3.179,-14.695,-3.049,-20.183
70.35,-2.993,9.404,-6.33,1.951,-7.012,-18.841
70.4,0.536,9.632,-2.607,4.939,-7.073,-21.22
70.45,-1.994,9.859,-3.979,5.366,-3.476,-21.28
70.5,-2.093,12.9,-4.013,6.341,-6.707,-21.159
70.55,-4.776,8.981,-2.823,6.341,-7.378,-21.402
70.6,-2.504,7.92,-3.78,3.598,-6.463,-14.695
70.65,-3.261,10.072,-4.254,-1.098,-0.61,-0.976
70.7,-3.17,7.922,-3.598,-1.646,-1.159,-4.085
70.75,-3.163,9.328,-3.021,-2.744,1.341,-0.183
70.8,-2.684,9.5,-3.606,0.427,1.22,-1.463
70.85,-3.168,9.201,-3.493,-2.012,4.146,-1.585
70.9,-3.433,8.911,-3.373,1.463,-0.915,0.732
70.95,-2.784,9.495,-3.014,12.378,2.073,-2.256
71,-3.306,8.284,-3.318,27.622,-4.695,-8.049
71.05,-3.364,9.598,-4.137,18.72,-13.659,-13.537
71.1,-3.555,9.615,-5.013,12.378,-30.915,-10.427
71.15,-3.524,10.86,-4.125,7.805,-12.439,-5.122
71.2,-3.768,9.608,-3.979,-5.488,-10.671,-7.805
71.25,-2.938,8.969,-3.194,-4.146,-11.159,-6.524
71.3,-3.124,8.571,-2.808,-4.024,-12.012,-6.89
71.35,-2.964,8.909,-2.653,2.988,-14.329,-11.159
71.4,-4.518,8.988,-3.577,5.732,-3.415,-3.659
71.45,-3.639,8.792,-3.57,1.463,-2.622,-3.963
71.5,-3.97,9.261,-3.381,9.634,-8.11,-7.622
71.55,-3.859,9.323,-3.304,8.902,-8.293,-5.061
71.6,-4.19,8.705,-4.324,-2.744,-5.305,-5.183
71.65,-3.73,8.452,-3.335,-3.354,-6.159,1.829
71.7,-3.989,8.657,-3.275,-9.451,-3.963,1.829
71.75,-3.469,9.258,-3.117,-9.573,1.768,0.183
71.8,-3.191,8.801,-2.859,-4.329,4.573,-6.28
71.85,-3.685,9.218,-2.78,-5.976,10.854,-2.927
71.9,-3.998,8.056,-3.474,-8.963,31.524,-2.317
71.95,-3.754,8.827,-2.914,-5.488,43.72,4.878
72,-3.658,8.849,-3.349,-4.512,36.22,7.317
72.05,-3.579,9.309,-3.517,-3.354,34.634,16.829
72.1,-3.462,8.777,-3.864,-9.024,30.793,10.122
72.15,-3.881,9.179,-3.565,-2.134,30.061,20
72.2,-2.646,8.966,-3.701,-5.793,27.927,1.402
72.25,-3.263,8.902,-3.888,-10.183,27.012,21.098
72.3,-2.15,10.57,-3.706,-10.793,32.805,24.39
72.35,-0.352,8.662,-3.836,-6.22,34.634,25.305
72.4,-3.304,10.542,-3.462,-6.829,25.183,25.793
72.45,-1.844,10.233,-4.152,-2.866,20.244,25.122
72.5,-1.125,9.364,-4.144,0.854,26.951,33.354
72.55,-0.5,9.625,-3.496,12.805,17.195,26.89
72.6,1.87,10.779,-5.351,10.854,6.707,1.951
72.65,0.512,9.742,-5.531,-11.585,-3.049,-5.244
72.7,-0.781,10.254,-3.742,-15.427,-1.463,-5.183
72.75,1.008,10.889,-3.4,2.927,-10,-26.89
72.8,0.007,10.072,-4.175,10.305,-12.561,-35.305
72.85,-1.516,10.408,-4.587,2.439,-15.244,-28.963
72.9,-2.009,9.716,-3.625,15.427,6.585,-7.744
72.95,-2.799,10.111,-3.919,-2.622,4.939,-9.146
73,-2.686,9.524,-3.836,-3.232,5.366,6.707
73.05,-1.252,10.769,-3.934,-4.207,8.11,13.232
73.1,-0.812,10.755,-3.704,-8.963,7.439,-0.976
73.15,-0.235,9.61,-3.512,-1.463,5.427,-4.39
73.2,-0.235,9.61,-3.512,-1.463,5.427,-4.39
73.25,-2.526,9.553,-3.548,-5.671,-5.976,7.195
73.3,-0.958,8.667,-3.357,-1.22,-7.5,10.793
73.35,-0.752,10.252,-3.342,-1.28,-0.793,11.22
73.4,-0.23,9.637,-3.943,-13.537,-15.61,6.951
73.45,-0.244,9.194,-3.096,-4.512,-2.866,27.012
73.5,-2.083,9.622,-2.708,-5.427,-12.5,43.293
73.55,-1.015,9.819,-3.601,-15.183,-2.195,53.659
73.6,-0.429,10.101,-2.993,27.256,-39.085,17.988
73.65,1.736,9.776,-3.61,31.768,-23.537,1.22
73.7,0.84,9.912,-4.877,18.293,5.793,-2.378
73.75,-0.165,9.529,-5.598,0.061,-4.939,1.402
73.8,0.45,10.235,-4.42,-22.378,7.683,-2.378
73.85,-0.218,9.905,-3.299,-20,3.72,-2.134
73.9,0.247,9.495,-2.564,-6.707,2.927,-1.829
73.95,0.199,9.505,-2.71,6.22,1.28,-0.61
74,0.204,9.723,-3.182,13.598,1.28,-3.476
74.05,0.232,9.881,-3.912,13.11,1.89,-1.707
74.1,0.017,10.01,-4.559,15.549,2.561,-2.134
74.15,0.316,9.831,-4.041,-7.5,2.866,-3.049
74.2,0.357,9.685,-3.259,-6.829,2.256,-2.5
74.25,0.108,9.768,-3.091,-1.585,2.378,-2.073
74.3,0.127,9.661,-3.33,3.659,1.768,-2.195
74.35,0.515,10.058,-3.373,5.793,3.11,-2.805
74.4,0.342,10.001,-3.989,3.232,1.89,-2.5
74.45,0.29,9.893,-3.867,-2.988,2.866,-2.195
